Symbol,Type,Price~,Latest,"Exp Date",DTE,Strike,Moneyness,Bid,Ask,Mid,Volume,"Open Int",IV,"IV Rank","IV Pctl",Delta,Gamma,Theta,Vega,Rho,"ITM Prob","OTM Prob","Profit Prob","BE (Bid)","BE (Ask)","BE (Mid)"
PBI,Call,15.26,0.85,2026-05-15,11,15.00,+1.70%,0.85,0.95,0.9,2,777,67.79%,41.87%,65%,0.582071,0.217269,-0.032076,0.010334,0.002421,55.81%,44.19%,37.36%,15.85,15.95,15.9
PBI,Call,15.26,0.6,2026-05-15,11,16.00,-4.85%,0.4,0.5,0.45,176,1100,70.43%,41.87%,65%,0.373085,0.202836,-0.03225,0.010024,0.00158,34.93%,65.07%,27.78%,16.4,16.5,16.45
PBI,Call,15.26,1.77,2026-05-15,11,14.00,+8.26%,1.4,1.75,1.58,3,471,77.77%,41.87%,65%,0.760261,0.150537,-0.029296,0.008215,0.003021,73.84%,26.16%,47.30%,15.4,15.75,15.58
PBI,Call,15.26,0.25,2026-05-15,11,17.00,-11.40%,0.2,0.25,0.23,12,252,76.25%,41.87%,65%,0.227461,0.149355,-0.027796,0.007991,0.000971,20.73%,79.27%,18.30%,17.2,17.25,17.23
PBI,Call,15.26,2.71,2026-05-15,11,13.00,+14.81%,2.35,3,2.68,2,513,130.46%,41.87%,65%,0.794158,0.082247,-0.044813,0.007529,0.002758,76.04%,23.96%,48.96%,15.35,16,15.68
PBI,Call,15.26,0.16,2026-05-15,11,18.00,-17.96%,0.1,0.15,0.13,0,63,78.66%,41.87%,65%,0.12741,0.100082,-0.019813,0.005525,0.000548,11.33%,88.67%,10.57%,18.1,18.15,18.13
PBI,Call,15.26,0.1,2026-05-15,11,19.00,-24.51%,0,0.15,0.08,0,42,84.65%,41.87%,65%,0.078391,0.065257,-0.014956,0.003878,0.000338,6.79%,93.21%,6.79%,19,19.15,19.08
PBI,Call,15.26,4.66,2026-05-15,11,11.00,+27.92%,4.2,5,4.6,2,384,197.53%,41.87%,65%,0.869688,0.040379,-0.050282,0.005596,0.002313,83.01%,16.99%,50.46%,15.2,16,15.6
PBI,Call,15.26,0.05,2026-05-15,11,20.00,-31.06%,0,0.75,0.38,10,9,91.30%,41.87%,65%,0.052058,0.044009,-0.011732,0.002821,0.000224,4.39%,95.61%,4.39%,20,20.75,20.38
PBI,Call,15.26,5.2,2026-05-15,11,10.00,+34.47%,4.7,6.3,5.5,0,667,202.52%,41.87%,65%,0.915592,0.028729,-0.037567,0.004082,0.002156,88.54%,11.46%,54.23%,14.7,16.3,15.5
PBI,Call,15.26,0,2026-05-15,11,21.00,-37.61%,0,0.95,0.48,0,0,184.18%,41.87%,65%,0.200986,0.057531,-0.062319,0.007436,0.000776,15.90%,84.10%,15.90%,21,21.95,21.48
PBI,Call,15.26,5.53,2026-05-15,11,9.00,+41.02%,5.5,7.4,6.45,0,2,227.08%,41.87%,65%,0.937467,0.02034,-0.03337,0.003239,0.001926,90.98%,9.02%,55.16%,14.5,16.4,15.45
PBI,Call,15.26,0,2026-05-15,11,22.00,-44.17%,0,2.15,1.08,0,0,272.52%,41.87%,65%,0.295795,0.047838,-0.113378,0.009148,0.001007,21.97%,78.03%,21.97%,22,24.15,23.08
PBI,Call,15.26,5.1,2026-05-15,11,8.00,+47.58%,6.5,8.4,7.45,0,2,268.56%,41.87%,65%,0.946867,0.01512,-0.034625,0.002847,0.001678,91.70%,8.30%,54.36%,14.5,16.4,15.45
PBI,Call,15.26,0,2026-05-15,11,23.00,-50.72%,0,2.15,1.08,0,0,288.97%,41.87%,65%,0.2854,0.044365,-0.118222,0.008997,0.000958,20.67%,79.33%,20.67%,23,25.15,24.08
PBI,Call,15.26,6.2,2026-05-15,11,7.00,+54.13%,7.5,9.4,8.45,0,1,315.51%,41.87%,65%,0.954797,0.011303,-0.035653,0.002499,0.00145,92.26%,7.74%,53.72%,14.5,16.4,15.45
PBI,Call,15.26,0,2026-05-15,11,24.00,-57.27%,0,2.15,1.08,0,0,304.28%,41.87%,65%,0.276578,0.041498,-0.122605,0.008861,0.000916,19.57%,80.43%,19.57%,24,26.15,25.08
PBI,Call,15.26,7.2,2026-05-15,11,6.00,+60.68%,8.5,10.4,9.45,0,1,369.96%,41.87%,65%,0.961695,0.008422,-0.036457,0.002183,0.001217,92.70%,7.30%,53.17%,14.5,16.4,15.45
PBI,Call,15.26,0,2026-05-15,11,25.00,-63.83%,0,0.05,0.03,0,0,132.07%,41.87%,65%,0.020841,0.014318,-0.007983,0.001328,0.000088,1.57%,98.43%,1.57%,25,25.05,25.03
PBI,Call,15.26,8.1,2026-05-15,11,5.00,+67.23%,9.5,11.4,10.45,0,2,435.14%,41.87%,65%,0.967853,0.006192,-0.037013,0.001887,0.001006,93.02%,6.98%,52.70%,14.5,16.4,15.45
PBI,Call,15.26,0,2026-05-15,11,26.00,-70.38%,0,2.15,1.08,0,0,332.05%,41.87%,65%,0.26234,0.037033,-0.130287,0.00863,0.000855,17.76%,82.24%,17.76%,26,28.15,27.08
PBI,Call,15.26,11.46,2026-05-15,11,4.00,+73.79%,10.3,12.7,11.5,0,2,546.24%,41.87%,65%,0.970016,0.004653,-0.043813,0.00178,0.000786,92.10%,7.90%,52.73%,14.3,16.7,15.5
PBI,Call,15.26,0,2026-05-15,11,27.00,-76.93%,0,2.15,1.08,0,0,344.73%,41.87%,65%,0.256487,0.035257,-0.133694,0.00853,0.000822,17.02%,82.98%,17.02%,27,29.15,28.08
PBI,Call,15.26,12.75,2026-05-15,11,3.00,+80.34%,11.3,13.7,12.5,0,2,661.85%,41.87%,65%,0.976359,0.00314,-0.043324,0.001455,0.000576,92.16%,7.84%,52.25%,14.3,16.7,15.5
PBI,Call,15.26,0,2026-05-15,11,28.00,-83.49%,0,2.15,1.08,0,0,356.73%,41.87%,65%,0.251278,0.033706,-0.136862,0.008438,0.000799,16.35%,83.65%,16.35%,28,30.15,29.08
PBI,Call,15.26,0.1,2026-05-15,11,29.00,-90.04%,0,0.95,0.48,0,1,286.36%,41.87%,65%,0.14854,0.030523,-0.079894,0.006135,0.00053,9.83%,90.17%,9.83%,29,29.95,29.48
PBI,Call,15.26,14.55,2026-05-15,11,1.00,+93.45%,14,14.6,14.3,0,2,808.58%,41.87%,65%,0.995666,0.000564,-0.011206,0.000316,0.00018,97.39%,2.61%,50.49%,15,15.6,15.3
PBI,Call,15.26,1.1,2026-06-18,45,15.00,+1.70%,1.05,1.1,1.08,12,44,45.10%,41.87%,65%,0.576869,0.161435,-0.010686,0.020899,0.009494,54.32%,45.68%,37.50%,16.05,16.1,16.08
PBI,Call,15.26,0.6,2026-06-18,45,16.00,-4.85%,0.6,0.7,0.65,2,48,41.85%,41.87%,65%,0.404944,0.17247,-0.009802,0.020721,0.006879,37.36%,62.64%,28.34%,16.6,16.7,16.65
PBI,Call,15.26,2.13,2026-06-18,45,14.00,+8.26%,1.65,1.85,1.75,0,15,48.10%,41.87%,65%,0.725173,0.128588,-0.00972,0.017755,0.01146,69.51%,30.49%,44.06%,15.65,15.85,15.75
PBI,Call,15.26,0.38,2026-06-18,45,17.00,-11.40%,0.3,0.45,0.38,48,98,45.08%,41.87%,65%,0.275921,0.138163,-0.009074,0.017881,0.004723,24.76%,75.24%,21.40%,17.3,17.45,17.38
PBI,Call,15.26,2.68,2026-06-18,45,13.00,+14.81%,2.1,2.9,2.5,0,584,49.07%,41.87%,65%,0.845168,0.089395,-0.007089,0.012594,0.012706,82.39%,17.61%,52.44%,15.1,15.9,15.5
PBI,Call,15.26,0.28,2026-06-18,45,18.00,-17.96%,0.15,0.35,0.25,1,16,50.39%,41.87%,65%,0.201077,0.103913,-0.0085,0.015032,0.003438,17.53%,82.47%,16.35%,18.15,18.35,18.25
PBI,Call,15.26,2.54,2026-06-18,45,12.00,+21.36%,2.6,4.9,3.75,0,36,85.57%,41.87%,65%,0.828298,0.055045,-0.012948,0.013514,0.010036,78.81%,21.19%,55.85%,14.6,16.9,15.75
PBI,Call,15.26,0.27,2026-06-18,45,19.00,-24.51%,0.1,0.3,0.2,1,9,59.37%,41.87%,65%,0.173224,0.080426,-0.009112,0.013708,0.002925,14.65%,85.35%,14.08%,19.1,19.3,19.2
PBI,Call,15.26,2.22,2026-06-18,45,11.00,+27.92%,4,5.2,4.6,0,2,92.04%,41.87%,65%,0.878875,0.040328,-0.010942,0.010646,0.009459,84.44%,15.56%,52.12%,15,16.2,15.6
PBI,Call,15.26,0.15,2026-06-18,45,20.00,-31.06%,0,0.2,0.1,0,804,52.14%,41.87%,65%,0.083993,0.055154,-0.004821,0.008258,0.001457,6.98%,93.02%,6.98%,20,20.2,20.1
PBI,Call,15.26,0,2026-06-18,45,10.00,+34.47%,4.1,6.5,5.3,0,0,65.93%,41.87%,65%,0.972354,0.017048,-0.002397,0.003213,0.009001,96.61%,3.39%,63.36%,14.1,16.5,15.3
PBI,Call,15.26,0,2026-06-18,45,21.00,-37.61%,0,0.75,0.38,0,0,83.99%,41.87%,65%,0.175765,0.057373,-0.012973,0.013836,0.002834,13.95%,86.05%,13.95%,21,21.75,21.38
PBI,Call,15.26,0,2026-06-18,45,22.00,-44.17%,0,0.75,0.38,0,0,91.62%,41.87%,65%,0.165253,0.05056,-0.013595,0.013301,0.002633,12.78%,87.22%,12.78%,22,22.75,22.38
PBI,Call,15.26,5.1,2026-06-18,45,8.00,+47.58%,6.1,8.8,7.45,0,0,133.44%,41.87%,65%,0.945424,0.015141,-0.008447,0.005769,0.006476,91.59%,8.41%,56.70%,14.1,16.8,15.45
PBI,Call,15.26,0,2026-06-18,45,23.00,-50.72%,0,0.75,0.38,0,0,98.70%,41.87%,65%,0.156782,0.045352,-0.014144,0.012852,0.002469,11.82%,88.18%,11.82%,23,23.75,23.38
PBI,Call,15.26,0,2026-06-18,45,7.00,+54.13%,7.1,9.8,8.45,0,0,157.14%,41.87%,65%,0.953145,0.011356,-0.008719,0.005089,0.005573,92.11%,7.89%,55.70%,14.1,16.8,15.45
PBI,Call,15.26,0,2026-06-18,45,24.00,-57.27%,0,0.75,0.38,0,0,105.30%,41.87%,65%,0.149784,0.041243,-0.014635,0.01247,0.002339,11.03%,88.97%,11.03%,24,24.75,24.38
PBI,Call,15.26,0,2026-06-18,45,6.00,+60.68%,8.1,10.8,9.45,0,0,184.68%,41.87%,65%,0.959897,0.00849,-0.008939,0.004466,0.004728,92.50%,7.50%,54.85%,14.1,16.8,15.45
PBI,Call,15.26,0,2026-06-18,45,25.00,-63.83%,0,0.75,0.38,0,0,111.48%,41.87%,65%,0.143888,0.037919,-0.015079,0.012139,0.002223,10.36%,89.64%,10.36%,25,25.75,25.38
PBI,Call,15.26,10.9,2026-06-18,45,5.00,+67.23%,9.1,11.8,10.45,0,1,217.68%,41.87%,65%,0.966223,0.006247,-0.00908,0.003864,0.003753,92.78%,7.22%,54.12%,14.1,16.8,15.45
PBI,Call,15.26,0,2026-06-18,45,26.00,-70.38%,0,0.75,0.38,0,0,117.31%,41.87%,65%,0.13884,0.035174,-0.015484,0.011849,0.002126,9.79%,90.21%,9.79%,26,26.75,26.38
PBI,Call,15.26,11.46,2026-06-18,45,4.00,+73.79%,10.3,12.7,11.5,0,1,273.40%,41.87%,65%,0.968433,0.004688,-0.010732,0.003643,0.00297,91.85%,8.15%,52.70%,14.3,16.7,15.5
PBI,Call,15.26,0,2026-06-18,45,27.00,-76.93%,0,0.75,0.38,0,0,122.82%,41.87%,65%,0.13446,0.032868,-0.015857,0.011592,0.002042,9.29%,90.71%,9.29%,27,27.75,27.38
PBI,Call,15.26,0,2026-06-18,45,28.00,-83.49%,0,0.75,0.38,0,0,128.04%,41.87%,65%,0.130618,0.030905,-0.016201,0.011363,0.001967,8.85%,91.15%,8.85%,28,28.75,28.38
PBI,Call,15.26,0.37,2026-06-18,45,29.00,-90.04%,0,0.75,0.38,0,1,133.00%,41.87%,65%,0.127215,0.029212,-0.016521,0.011157,0.001904,8.46%,91.54%,8.46%,29,29.75,29.38
PBI,Call,15.26,1.34,2026-07-17,74,15.00,+1.70%,1.2,1.3,1.25,0,216,40.55%,41.87%,65%,0.576645,0.139699,-0.007524,0.02674,0.015279,53.75%,46.25%,37.17%,16.2,16.3,16.25
PBI,Call,15.26,0.8,2026-07-17,74,16.00,-4.85%,0.75,0.85,0.8,60,1045,39.93%,41.87%,65%,0.434989,0.142947,-0.007431,0.026941,0.01183,39.61%,60.39%,30.22%,16.75,16.85,16.8
PBI,Call,15.26,2.25,2026-07-17,74,14.00,+8.26%,1.7,2.1,1.9,0,3565,43.72%,41.87%,65%,0.70554,0.113658,-0.007133,0.023456,0.017856,66.92%,33.08%,44.26%,15.7,16.1,15.9
PBI,Call,15.26,0.52,2026-07-17,74,17.00,-11.40%,0.45,0.55,0.5,5,146,40.92%,41.87%,65%,0.314396,0.125905,-0.006849,0.024322,0.00867,27.89%,72.11%,23.34%,17.45,17.55,17.5
PBI,Call,15.26,2.5,2026-07-17,74,13.00,+14.81%,2.4,2.9,2.65,15,194,37.86%,41.87%,65%,0.847188,0.088776,-0.004283,0.01587,0.020953,82.64%,17.36%,47.86%,15.4,15.9,15.65
PBI,Call,15.26,0.39,2026-07-17,74,18.00,-17.96%,0.25,0.4,0.33,0,26,41.45%,41.87%,65%,0.217498,0.103089,-0.005738,0.020171,0.006069,18.81%,81.19%,16.88%,18.25,18.4,18.33
PBI,Call,15.26,3.3,2026-07-17,74,12.00,+21.36%,3.2,3.8,3.5,5,348,29.35%,41.87%,65%,0.967059,0.032121,-0.001093,0.004454,0.023035,96.55%,3.45%,51.19%,15.2,15.8,15.5
PBI,Call,15.26,0.25,2026-07-17,74,19.00,-24.51%,0.15,0.35,0.25,0,6,45.03%,41.87%,65%,0.166094,0.08044,-0.00527,0.017101,0.004631,13.98%,86.02%,13.14%,19.15,19.35,19.25
PBI,Call,15.26,0.15,2026-07-17,74,20.00,-31.06%,0.1,0.2,0.15,2,138,44.81%,41.87%,65%,0.109504,0.060782,-0.00394,0.012862,0.003084,9.00%,91.00%,8.61%,20.1,20.2,20.15
PBI,Call,15.26,5.3,2026-07-17,74,10.00,+34.47%,5.1,6.6,5.85,0,391,105.73%,41.87%,65%,0.868125,0.028943,-0.010248,0.014405,0.012608,81.27%,18.73%,50.88%,15.1,16.6,15.85
PBI,Call,15.26,0.4,2026-07-17,74,21.00,-37.61%,0.05,0.75,0.4,0,5,66.79%,41.87%,65%,0.182568,0.057582,-0.008257,0.018159,0.00482,14.42%,85.58%,14.24%,21.05,21.75,21.4
PBI,Call,15.26,4.1,2026-07-17,74,9.00,+41.02%,4.7,8.3,6.5,0,284,93.59%,41.87%,65%,0.92652,0.0211,-0.005807,0.009268,0.011882,89.49%,10.51%,60.10%,13.7,17.3,15.5
PBI,Call,15.26,0,2026-07-17,74,22.00,-44.17%,0,0.75,0.38,0,0,71.36%,41.87%,65%,0.16535,0.050613,-0.008276,0.017052,0.004333,12.74%,87.26%,12.74%,22,22.75,22.38
PBI,Call,15.26,0,2026-07-17,74,8.00,+47.58%,6.8,8.3,7.55,0,43,116.71%,41.87%,65%,0.930218,0.016261,-0.006895,0.008897,0.010266,89.05%,10.95%,52.32%,14.8,16.3,15.55
PBI,Call,15.26,0,2026-07-17,74,23.00,-50.72%,0,0.65,0.33,0,0,73.75%,41.87%,65%,0.143609,0.044612,-0.00779,0.015536,0.003764,10.83%,89.17%,10.83%,23,23.65,23.33
PBI,Call,15.26,0,2026-07-17,74,7.00,+54.13%,7.9,9.3,8.6,0,3,143.24%,41.87%,65%,0.935115,0.012505,-0.007931,0.00839,0.008783,88.65%,11.35%,51.48%,14.9,16.3,15.6
PBI,Call,15.26,0,2026-07-17,74,24.00,-57.27%,0,0.75,0.38,0,0,82.03%,41.87%,65%,0.149845,0.041272,-0.008906,0.015985,0.003849,11.01%,88.99%,11.01%,24,24.75,24.38
PBI,Call,15.26,0,2026-07-17,74,6.00,+60.68%,8.4,10.3,9.35,0,0,124.70%,41.87%,65%,0.972738,0.006964,-0.003211,0.00401,0.006953,95.18%,4.82%,54.11%,14.4,16.3,15.35
PBI,Call,15.26,0,2026-07-17,74,25.00,-63.83%,0,0.75,0.38,0,0,86.86%,41.87%,65%,0.143937,0.037941,-0.009175,0.015561,0.003657,10.34%,89.66%,10.34%,25,25.75,25.38
PBI,Call,15.26,0,2026-07-17,74,5.00,+67.23%,8.4,12.2,10.3,0,0,130.65%,41.87%,65%,0.984951,0.003916,-0.001878,0.002324,0.005002,97.11%,2.89%,58.74%,13.4,17.2,15.3
PBI,Call,15.26,0,2026-07-17,74,26.00,-70.38%,0,0.75,0.38,0,0,91.40%,41.87%,65%,0.13888,0.03519,-0.009421,0.015188,0.003499,9.77%,90.23%,9.77%,26,26.75,26.38
PBI,Call,15.26,0,2026-07-17,74,4.00,+73.79%,10.3,12.7,11.5,0,0,215.18%,41.87%,65%,0.967197,0.004715,-0.006535,0.004714,0.004724,91.65%,8.35%,52.67%,14.3,16.7,15.5
PBI,Call,15.26,0,2026-07-17,74,27.00,-76.93%,0,0.75,0.38,0,0,95.70%,41.87%,65%,0.134493,0.032881,-0.009646,0.014859,0.00336,9.27%,90.73%,9.27%,27,27.75,27.38
PBI,Call,15.26,0,2026-07-17,74,3.00,+80.34%,11.3,13.7,12.5,0,0,261.59%,41.87%,65%,0.973762,0.003184,-0.006457,0.003859,0.003434,91.64%,8.36%,52.20%,14.3,16.7,15.5
PBI,Call,15.26,0,2026-07-17,74,28.00,-83.49%,0,0.75,0.38,0,0,99.77%,41.87%,65%,0.130645,0.030915,-0.009855,0.014566,0.003235,8.83%,91.17%,8.83%,28,28.75,28.38
PBI,Call,15.26,0,2026-07-17,74,2.00,+86.89%,12.3,14.7,13.5,0,0,332.22%,41.87%,65%,0.980607,0.001903,-0.006152,0.002918,0.002146,91.28%,8.72%,51.73%,14.3,16.7,15.5
PBI,Call,15.26,0,2026-07-17,74,29.00,-90.04%,0,0.75,0.38,0,0,103.65%,41.87%,65%,0.127238,0.02922,-0.010049,0.014301,0.003132,8.44%,91.56%,8.44%,29,29.75,29.38
PBI,Call,15.26,14.75,2026-07-17,74,1.00,+93.45%,13.3,15.7,14.5,0,0,476.24%,41.87%,65%,0.988631,0.000791,-0.005142,0.001727,0.000883,89.81%,10.19%,51.21%,14.3,16.7,15.5
PBI,Call,15.26,0,2026-07-17,74,30.00,-96.59%,0,0.75,0.38,0,0,107.33%,41.87%,65%,0.124195,0.027743,-0.01023,0.014062,0.00304,8.10%,91.90%,8.10%,30,30.75,30.38
PBI,Call,15.26,0,2026-08-21,109,15.00,+1.70%,0.4,3.6,2,0,0,56.39%,41.87%,65%,0.584323,0.082263,-0.008474,0.032248,0.020066,52.22%,47.78%,48.82%,15.4,18.6,17
PBI,Call,15.26,0,2026-08-21,109,16.00,-4.85%,0,3.4,1.7,0,0,60.02%,41.87%,65%,0.509318,0.07918,-0.009216,0.033038,0.017665,44.26%,55.74%,44.26%,16,19.4,17.7
PBI,Call,15.26,0,2026-08-21,109,14.00,+8.26%,0.95,4,2.48,0,0,55.40%,41.87%,65%,0.669044,0.077638,-0.007731,0.029894,0.022174,61.20%,38.80%,52.70%,14.95,18,16.48
PBI,Call,15.26,0,2026-08-21,109,17.00,-11.40%,0,3,1.5,0,0,64.45%,41.87%,65%,0.449591,0.073251,-0.009808,0.032819,0.015629,37.96%,62.04%,37.96%,17,20,18.5
PBI,Call,15.26,0,2026-08-21,109,13.00,+14.81%,1.05,4.7,2.88,0,0,47.57%,41.87%,65%,0.771956,0.074838,-0.005551,0.024743,0.025497,73.12%,26.88%,62.47%,14.05,17.7,15.88
PBI,Call,15.26,0,2026-08-21,109,18.00,-17.96%,0,2.75,1.38,0,0,69.52%,41.87%,65%,0.404722,0.066538,-0.010348,0.032159,0.01398,33.19%,66.81%,33.19%,18,20.75,19.38
PBI,Call,15.26,0,2026-08-21,109,12.00,+21.36%,1.85,5.6,3.72,0,0,53.44%,41.87%,65%,0.832092,0.055072,-0.005119,0.020443,0.024299,79.47%,20.53%,63.01%,13.85,17.6,15.72
PBI,Call,15.26,0,2026-08-21,109,19.00,-24.51%,0,2.6,1.3,0,0,74.95%,41.87%,65%,0.371774,0.060253,-0.010877,0.031397,0.012704,29.63%,70.37%,29.63%,19,21.6,20.3
PBI,Call,15.26,0,2026-08-21,109,11.00,+27.92%,2.65,6.4,4.53,0,0,54.09%,41.87%,65%,0.89276,0.039557,-0.003754,0.014836,0.023373,86.59%,13.41%,64.70%,13.65,17.4,15.53
PBI,Call,15.26,0,2026-08-21,109,20.00,-31.06%,0,2.5,1.25,0,0,80.29%,41.87%,65%,0.346686,0.054921,-0.011363,0.030656,0.011726,26.88%,73.12%,26.88%,20,22.5,21.25
PBI,Call,15.26,0,2026-08-21,109,10.00,+34.47%,4.2,7.4,5.8,0,0,84.27%,41.87%,65%,0.871983,0.029074,-0.006527,0.016967,0.018507,82.06%,17.94%,56.21%,14.2,17.4,15.8
PBI,Call,15.26,0,2026-08-21,109,21.00,-37.61%,0,2.4,1.2,0,0,84.92%,41.87%,65%,0.32512,0.050654,-0.011714,0.029906,0.010883,24.57%,75.43%,24.57%,21,23.4,22.2
PBI,Call,15.26,0,2026-08-21,109,9.00,+41.02%,4.5,8.4,6.45,0,0,72.56%,41.87%,65%,0.934143,0.020243,-0.003328,0.010124,0.017689,90.85%,9.15%,62.14%,13.5,17.4,15.45
PBI,Call,15.26,0,2026-08-21,109,22.00,-44.17%,0,2.35,1.18,0,0,89.81%,41.87%,65%,0.309368,0.047166,-0.012125,0.029288,0.010278,22.80%,77.20%,22.80%,22,24.35,23.18
PBI,Call,15.26,0,2026-08-21,109,8.00,+47.58%,5.5,9.3,7.4,0,0,80.48%,41.87%,65%,0.95185,0.01415,-0.002796,0.007798,0.014686,92.90%,7.10%,60.97%,13.5,17.3,15.4
PBI,Call,15.26,0,2026-08-21,109,23.00,-50.72%,0,2.3,1.15,0,0,94.24%,41.87%,65%,0.295616,0.043804,-0.012462,0.028702,0.009714,21.28%,78.72%,21.28%,23,25.3,24.15
PBI,Call,15.26,0,2026-08-21,109,7.00,+54.13%,6.4,10.3,8.35,0,0,87.49%,41.87%,65%,0.967161,0.009408,-0.002123,0.00558,0.011898,94.85%,5.15%,60.71%,13.4,17.3,15.35
PBI,Call,15.26,0,2026-08-21,109,24.00,-57.27%,0,2.25,1.13,0,0,98.27%,41.87%,65%,0.283388,0.041187,-0.012736,0.028142,0.009227,19.96%,80.04%,19.96%,24,26.25,25.13
PBI,Call,15.26,0,2026-08-21,109,6.00,+60.68%,8,11.3,9.65,0,0,144.61%,41.87%,65%,0.939983,0.009493,-0.006015,0.009413,0.01025,88.12%,11.88%,54.34%,14,17.3,15.65
PBI,Call,15.26,0,2026-08-21,109,25.00,-63.83%,0,2.25,1.13,0,0,102.85%,41.87%,65%,0.275734,0.038834,-0.013149,0.027772,0.0089,18.99%,81.01%,18.99%,25,27.25,26.13
PBI,Call,15.26,0,2026-08-21,109,5.00,+67.23%,8.4,12.2,10.3,0,0,109.56%,41.87%,65%,0.984115,0.003966,-0.001291,0.002864,0.006619,96.88%,3.12%,58.59%,13.4,17.2,15.3
PBI,Call,15.26,2,2026-10-16,165,15.00,+1.70%,1.65,1.9,1.78,0,46,39.96%,41.87%,65%,0.581504,0.094071,-0.004941,0.039553,0.031513,52.55%,47.45%,37.28%,16.65,16.9,16.78
PBI,Call,15.26,1.49,2026-10-16,165,16.00,-4.85%,1.35,1.45,1.4,0,8132,41.21%,41.87%,65%,0.490822,0.093418,-0.005199,0.040519,0.027158,43.22%,56.78%,32.16%,17.35,17.45,17.4
PBI,Call,15.26,2.8,2026-10-16,165,14.00,+8.26%,2,3.2,2.6,0,1060,48.23%,41.87%,65%,0.665949,0.072381,-0.005489,0.036724,0.032406,60.48%,39.52%,44.20%,16,17.2,16.6
PBI,Call,15.26,1.32,2026-10-16,165,17.00,-11.40%,0.9,1.1,1,0,85,39.69%,41.87%,65%,0.397798,0.094035,-0.00485,0.039282,0.022759,34.29%,65.71%,27.49%,17.9,18.1,18
PBI,Call,15.26,3.46,2026-10-16,165,13.00,+14.81%,2.7,3.9,3.3,0,36,51.80%,41.87%,65%,0.73588,0.060303,-0.005251,0.032844,0.032973,67.73%,32.27%,46.75%,15.7,16.9,16.3
PBI,Call,15.26,0.8,2026-10-16,165,18.00,-17.96%,0.65,0.85,0.75,0,391,40.04%,41.87%,65%,0.32076,0.08663,-0.004535,0.036505,0.018643,26.98%,73.02%,22.81%,18.65,18.85,18.75
PBI,Call,15.26,4.3,2026-10-16,165,12.00,+21.36%,3.3,4.5,3.9,0,119,49.92%,41.87%,65%,0.809236,0.051635,-0.004178,0.027078,0.034088,76.30%,23.70%,49.69%,15.3,16.5,15.9
PBI,Call,15.26,0,2026-10-16,165,19.00,-24.51%,0.45,0.7,0.58,0,0,40.83%,41.87%,65%,0.258728,0.076842,-0.004176,0.033029,0.015192,21.23%,78.77%,18.84%,19.45,19.7,19.58
PBI,Call,15.26,0.47,2026-10-16,165,20.00,-31.06%,0.4,0.55,0.48,0,6688,42.69%,41.87%,65%,0.216136,0.066619,-0.003948,0.029939,0.012721,17.30%,82.70%,15.59%,20.4,20.55,20.48
PBI,Call,15.26,2.54,2026-10-16,165,10.00,+34.47%,4.8,6.7,5.75,0,0,66.13%,41.87%,65%,0.875981,0.029108,-0.00401,0.02012,0.027645,82.91%,17.09%,52.74%,14.8,16.7,15.75
PBI,Call,15.26,0.45,2026-10-16,165,21.00,-37.61%,0.25,0.5,0.38,0,6,43.58%,41.87%,65%,0.176322,0.057702,-0.003558,0.026473,0.010433,13.79%,86.21%,12.92%,21.25,21.5,21.38
PBI,Call,15.26,0,2026-10-16,165,9.00,+41.02%,5.6,8.1,6.85,0,0,83.95%,41.87%,65%,0.884363,0.021808,-0.004765,0.019103,0.023909,82.52%,17.48%,53.12%,14.6,17.1,15.85
PBI,Call,15.26,0.28,2026-10-16,165,22.00,-44.17%,0.15,0.55,0.35,3,16,43.63%,41.87%,65%,0.138748,0.049243,-0.003042,0.022622,0.008288,10.62%,89.38%,10.20%,22.15,22.55,22.35
PBI,Call,15.26,0,2026-10-16,165,8.00,+47.58%,6.1,9.4,7.75,0,1,92.47%,41.87%,65%,0.907315,0.016738,-0.004373,0.016103,0.021152,85.05%,14.95%,55.06%,14.1,17.4,15.75
PBI,Call,15.26,0.3,2026-10-16,165,23.00,-50.72%,0.15,0.4,0.28,1,6,48.10%,41.87%,65%,0.136865,0.044258,-0.003314,0.022414,0.008054,10.23%,89.77%,9.88%,23.15,23.4,23.28
PBI,Call,15.26,0,2026-10-16,165,7.00,+54.13%,7.5,10,8.75,0,0,108.32%,41.87%,65%,0.920431,0.01272,-0.004501,0.014276,0.017705,85.77%,14.23%,52.80%,14.5,17,15.75
PBI,Call,15.26,0.42,2026-10-16,165,24.00,-57.27%,0.1,0.45,0.28,1,6,56.59%,41.87%,65%,0.160928,0.041911,-0.004331,0.02497,0.009124,11.70%,88.30%,11.49%,24.1,24.45,24.28
PBI,Call,15.26,0,2026-10-16,165,6.00,+60.68%,8.6,11.3,9.95,0,0,141.98%,41.87%,65%,0.923072,0.009442,-0.005713,0.013888,0.014147,83.59%,16.41%,51.85%,14.6,17.3,15.95
PBI,Call,15.26,0.38,2026-10-16,165,25.00,-63.83%,0,0.3,0.15,1,6,46.32%,41.87%,65%,0.07849,0.030747,-0.002135,0.014998,0.004729,5.65%,94.35%,5.65%,25,25.3,25.15
PBI,Call,15.26,0,2026-10-16,165,5.00,+67.23%,9.3,11.3,10.3,0,0,91.29%,41.87%,65%,0.98217,0.004146,-0.000888,0.003721,0.009504,96.55%,3.45%,54.22%,14.3,16.3,15.3
PBI,Call,15.26,0.4,2026-10-16,165,26.00,-70.38%,0,0.75,0.38,0,1,61.04%,41.87%,65%,0.139017,0.035249,-0.004232,0.022654,0.007821,9.71%,90.29%,9.71%,26,26.75,26.38
PBI,Call,15.26,0,2026-10-16,165,4.00,+73.79%,10.3,12.7,11.5,0,0,147.84%,41.87%,65%,0.964113,0.004759,-0.002928,0.007159,0.009522,91.10%,8.90%,52.61%,14.3,16.7,15.5
PBI,Call,15.26,0,2026-10-16,165,27.00,-76.93%,0,0.75,0.38,0,0,63.93%,41.87%,65%,0.134606,0.032927,-0.004332,0.022162,0.00751,9.22%,90.78%,9.22%,27,27.75,27.38
PBI,Call,15.26,0,2026-10-16,165,3.00,+80.34%,11.3,13.7,12.5,0,0,180.36%,41.87%,65%,0.971013,0.003209,-0.002888,0.005859,0.006823,91.01%,8.99%,52.14%,14.3,16.7,15.5
PBI,Call,15.26,0,2026-10-16,165,28.00,-83.49%,0,0.75,0.38,0,0,66.66%,41.87%,65%,0.13074,0.030951,-0.004425,0.021723,0.007229,8.78%,91.22%,8.78%,28,28.75,28.38
PBI,Call,15.26,0,2026-10-16,165,2.00,+86.89%,12.3,14.7,13.5,0,0,230.04%,41.87%,65%,0.978262,0.001909,-0.002733,0.004414,0.00425,90.56%,9.44%,51.68%,14.3,16.7,15.5
PBI,Call,15.26,0,2026-10-16,165,29.00,-90.04%,0,0.75,0.38,0,0,69.26%,41.87%,65%,0.127317,0.029248,-0.004511,0.021328,0.006988,8.40%,91.60%,8.40%,29,29.75,29.38
PBI,Call,15.26,0,2026-10-16,165,30.00,-96.59%,0,0.75,0.38,0,0,71.73%,41.87%,65%,0.12426,0.027765,-0.004592,0.020971,0.006782,8.05%,91.95%,8.05%,30,30.75,30.38
PBI,Call,15.26,2.25,2026-11-20,200,15.00,+1.70%,1.9,2.55,2.22,5,0,47.10%,41.87%,65%,0.589802,0.072,-0.00521,0.043244,0.035493,51.97%,48.03%,38.49%,16.9,17.55,17.22
PBI,Call,15.26,1.8,2026-11-20,200,16.00,-4.85%,1.5,1.9,1.7,0,1,44.04%,41.87%,65%,0.510054,0.079216,-0.005025,0.0445,0.032502,44.23%,55.77%,33.72%,17.5,17.9,17.7
PBI,Call,15.26,0,2026-11-20,200,14.00,+8.26%,2.2,3.4,2.8,0,0,48.63%,41.87%,65%,0.662449,0.065309,-0.005028,0.040482,0.037585,59.46%,40.54%,43.41%,16.2,17.4,16.8
PBI,Call,15.26,0,2026-11-20,200,17.00,-11.40%,1.1,1.55,1.33,0,0,43.38%,41.87%,65%,0.434103,0.079538,-0.00489,0.044008,0.028544,36.83%,63.17%,29.75%,18.1,18.55,18.33
PBI,Call,15.26,3.8,2026-11-20,200,13.00,+14.81%,2.9,3.8,3.35,0,6,48.31%,41.87%,65%,0.733283,0.058802,-0.004468,0.036192,0.039377,67.30%,32.70%,45.43%,15.9,16.8,16.35
PBI,Call,15.26,0,2026-11-20,200,18.00,-17.96%,0.85,1.25,1.05,0,0,43.53%,41.87%,65%,0.366852,0.075971,-0.004697,0.042183,0.024604,30.41%,69.59%,25.60%,18.85,19.25,19.05
PBI,Call,15.26,0,2026-11-20,200,12.00,+21.36%,3.6,4.8,4.2,0,0,54.88%,41.87%,65%,0.783695,0.045983,-0.004458,0.032111,0.037587,72.29%,27.71%,47.84%,15.6,16.8,16.2
PBI,Call,15.26,0,2026-11-20,200,19.00,-24.51%,0.65,1,0.83,0,0,43.57%,41.87%,65%,0.306463,0.070837,-0.004384,0.039378,0.020897,24.84%,75.16%,21.65%,19.65,20,19.83
PBI,Call,15.26,0,2026-11-20,200,11.00,+27.92%,4.2,5.6,4.9,0,0,55.49%,41.87%,65%,0.838016,0.03772,-0.003712,0.026579,0.036822,78.72%,21.28%,50.38%,15.2,16.6,15.9
PBI,Call,15.26,0,2026-11-20,200,20.00,-31.06%,0.5,0.85,0.68,0,0,44.44%,41.87%,65%,0.259466,0.064171,-0.004124,0.036382,0.017851,20.54%,79.46%,18.48%,20.5,20.85,20.68
PBI,Call,15.26,0,2026-11-20,200,10.00,+34.47%,4.8,6.5,5.65,0,0,55.34%,41.87%,65%,0.887358,0.029112,-0.002815,0.020377,0.034709,84.89%,15.11%,52.98%,14.8,16.5,15.65
PBI,Call,15.26,0,2026-11-20,200,21.00,-37.61%,0.35,0.7,0.52,0,0,44.34%,41.87%,65%,0.213307,0.057773,-0.003693,0.032684,0.014865,16.53%,83.47%,15.31%,21.35,21.7,21.52
PBI,Call,15.26,0,2026-11-20,200,9.00,+41.02%,5.2,8.3,6.75,0,0,71.47%,41.87%,65%,0.891877,0.02193,-0.003456,0.019781,0.029341,84.09%,15.91%,55.41%,14.2,17.3,15.75
PBI,Call,15.26,0,2026-11-20,200,22.00,-44.17%,0.3,0.6,0.45,0,0,45.72%,41.87%,65%,0.184576,0.051366,-0.003487,0.029968,0.012888,13.99%,86.01%,13.12%,22.3,22.6,22.45
PBI,Call,15.26,0,2026-11-20,200,8.00,+47.58%,6.2,9.2,7.7,0,0,81.33%,41.87%,65%,0.910844,0.016678,-0.003342,0.017025,0.025089,85.83%,14.17%,54.76%,14.2,17.2,15.7
PBI,Call,15.26,0,2026-11-20,200,23.00,-50.72%,0.2,0.5,0.35,0,0,45.57%,41.87%,65%,0.15074,0.045248,-0.00305,0.026314,0.010637,11.20%,88.80%,10.71%,23.2,23.5,23.35
PBI,Call,15.26,0,2026-11-20,200,7.00,+54.13%,7.1,10.1,8.6,0,0,88.63%,41.87%,65%,0.930573,0.012489,-0.002901,0.013832,0.021968,88.26%,11.74%,54.80%,14.1,17.1,15.6
PBI,Call,15.26,0,2026-11-20,200,24.00,-57.27%,0.15,0.8,0.48,0,0,53.28%,41.87%,65%,0.173538,0.042411,-0.003893,0.028835,0.011777,12.55%,87.45%,12.22%,24.15,24.8,24.48
PBI,Call,15.26,0,2026-11-20,200,6.00,+60.68%,8.4,11,9.7,0,0,112.16%,41.87%,65%,0.933246,0.009551,-0.003518,0.013375,0.018146,86.96%,13.04%,52.79%,14.4,17,15.7
PBI,Call,15.26,0,2026-11-20,200,25.00,-63.83%,0.15,0.8,0.48,0,0,56.32%,41.87%,65%,0.167068,0.039159,-0.004012,0.028144,0.011247,11.82%,88.18%,11.54%,25.15,25.8,25.48
PBI,Call,15.26,0,2026-11-20,200,5.00,+67.23%,9,12,10.5,0,0,113.21%,41.87%,65%,0.956096,0.006657,-0.002399,0.009285,0.014513,90.85%,9.15%,54.10%,14,17,15.5
PBI,Call,15.26,0,2026-11-20,200,4.00,+73.79%,10.3,12.7,11.5,0,0,135.45%,41.87%,65%,0.963078,0.00477,-0.002412,0.007917,0.011244,90.91%,9.09%,52.58%,14.3,16.7,15.5
PBI,Call,15.26,0,2026-11-20,200,3.00,+80.34%,11.3,13.7,12.5,0,0,165.45%,41.87%,65%,0.970319,0.003204,-0.002373,0.006451,0.007926,90.79%,9.21%,52.12%,14.3,16.7,15.5
PBI,Call,15.26,0,2026-11-20,200,2.00,+86.89%,12.3,14.7,13.5,0,0,211.33%,41.87%,65%,0.97757,0.001904,-0.002242,0.004864,0.004942,90.30%,9.70%,51.66%,14.3,16.7,15.5
PBI,Call,15.26,0,2026-11-20,200,1.00,+93.45%,13.3,15.7,14.5,0,0,306.29%,41.87%,65%,0.986208,0.00077,-0.001806,0.002813,0.001994,88.53%,11.47%,51.14%,14.3,16.7,15.5
PBI,Call,15.26,0,2026-11-20,200,30.00,-96.59%,0,0.75,0.38,0,0,65.10%,41.87%,65%,0.124298,0.027779,-0.00379,0.023078,0.008224,8.03%,91.97%,8.03%,30,30.75,30.38
PBI,Call,15.26,2.78,2027-01-15,256,15.00,+1.70%,2.15,2.55,2.35,0,7383,43.55%,41.87%,65%,0.591988,0.06846,-0.004248,0.048651,0.044778,51.88%,48.12%,37.44%,17.15,17.55,17.35
PBI,Call,15.26,2.25,2027-01-15,256,16.00,-4.85%,1.6,2.2,1.9,0,14,42.78%,41.87%,65%,0.521371,0.07176,-0.004299,0.050109,0.040933,44.74%,55.26%,34.52%,17.6,18.2,17.9
PBI,Call,15.26,3.1,2027-01-15,256,14.00,+8.26%,2.5,3.6,3.05,0,58,48.33%,41.87%,65%,0.660099,0.058003,-0.004398,0.045705,0.045792,58.43%,41.57%,42.35%,16.5,17.6,17.05
PBI,Call,15.26,1.82,2027-01-15,256,17.00,-11.40%,1.25,1.75,1.5,0,2440,41.72%,41.87%,65%,0.450416,0.07331,-0.004179,0.049932,0.036753,37.86%,62.14%,30.43%,18.25,18.75,18.5
PBI,Call,15.26,3.9,2027-01-15,256,13.00,+14.81%,2.75,4.3,3.53,0,4,46.84%,41.87%,65%,0.725186,0.054167,-0.003859,0.041336,0.048072,65.86%,34.14%,46.79%,15.75,17.3,16.53
PBI,Call,15.26,1.36,2027-01-15,256,18.00,-17.96%,1,1.4,1.2,0,116,41.47%,41.87%,65%,0.385896,0.07141,-0.004019,0.048352,0.032277,31.72%,68.28%,26.40%,19,19.4,19.2
PBI,Call,15.26,4.22,2027-01-15,256,12.00,+21.36%,4,4.4,4.2,83,4667,48.98%,41.87%,65%,0.781885,0.045448,-0.003515,0.03622,0.047369,72.10%,27.90%,45.41%,16,16.4,16.2
PBI,Call,15.26,1.05,2027-01-15,256,19.00,-24.51%,0.75,1.15,0.95,0,2,41.17%,41.87%,65%,0.326403,0.067912,-0.003764,0.045651,0.02788,26.25%,73.75%,22.72%,19.75,20.15,19.95
PBI,Call,15.26,0,2027-01-15,256,11.00,+27.92%,3.8,6.4,5.1,0,0,55.47%,41.87%,65%,0.820764,0.035458,-0.003461,0.031929,0.043737,75.95%,24.05%,52.63%,14.8,17.4,16.1
PBI,Call,15.26,0.85,2027-01-15,256,20.00,-31.06%,0.7,1,0.85,0,6012,43.30%,41.87%,65%,0.290636,0.061419,-0.003755,0.043427,0.024811,22.79%,77.21%,20.02%,20.7,21,20.85
PBI,Call,15.26,6.18,2027-01-15,256,10.00,+34.47%,5,6.1,5.55,0,2593,44.31%,41.87%,65%,0.901223,0.028492,-0.001774,0.020389,0.045236,87.26%,12.74%,51.85%,15,16.1,15.55
PBI,Call,15.26,0.82,2027-01-15,256,21.00,-37.61%,0.45,0.85,0.65,0,1,42.35%,41.87%,65%,0.239487,0.056962,-0.003332,0.039399,0.020855,18.40%,81.60%,16.85%,21.45,21.85,21.65
PBI,Call,15.26,0,2027-01-15,256,9.00,+41.02%,5.7,8.3,7,0,0,73.85%,41.87%,65%,0.871656,0.021134,-0.003528,0.025178,0.034758,80.34%,19.66%,52.41%,14.7,17.3,16
PBI,Call,15.26,0.65,2027-01-15,256,22.00,-44.17%,0.35,0.7,0.52,0,917,42.46%,41.87%,65%,0.201809,0.05154,-0.003028,0.035745,0.017758,15.18%,84.82%,14.16%,22.35,22.7,22.52
PBI,Call,15.26,0,2027-01-15,256,8.00,+47.58%,6.4,8.4,7.4,0,0,53.37%,41.87%,65%,0.947496,0.014196,-0.00118,0.011969,0.031121,92.57%,7.43%,55.16%,14.4,16.4,15.4
PBI,Call,15.26,0,2027-01-15,256,23.00,-50.72%,0.3,0.6,0.45,0,0,43.37%,41.87%,65%,0.175635,0.046338,-0.002837,0.032828,0.015518,12.94%,87.06%,12.20%,23.3,23.6,23.45
PBI,Call,15.26,8.6,2027-01-15,256,7.00,+54.13%,8.2,8.7,8.45,0,2267,68.21%,41.87%,65%,0.945798,0.011493,-0.001521,0.012353,0.026588,91.38%,8.62%,50.28%,15.2,15.7,15.45
PBI,Call,15.26,0.38,2027-01-15,256,24.00,-57.27%,0.25,0.5,0.38,2,6,43.96%,41.87%,65%,0.151522,0.041553,-0.002612,0.02984,0.013456,10.94%,89.06%,10.42%,24.25,24.5,24.38
PBI,Call,15.26,0.39,2027-01-15,256,25.00,-63.83%,0.2,0.5,0.35,1,2154,46.92%,41.87%,65%,0.147901,0.038315,-0.002737,0.029365,0.012988,10.45%,89.55%,10.09%,25.2,25.5,25.35
PBI,Call,15.26,10.62,2027-01-15,256,5.00,+67.23%,9.7,11.6,10.65,0,8966,114.17%,41.87%,65%,0.944788,0.006986,-0.002555,0.01257,0.017781,87.84%,12.16%,51.56%,14.7,16.6,15.65
PBI,Call,15.26,0.37,2027-01-15,256,26.00,-70.38%,0.15,0.45,0.3,1,5,48.68%,41.87%,65%,0.137984,0.035241,-0.002707,0.028025,0.012059,9.56%,90.44%,9.32%,26.15,26.45,26.3
PBI,Call,15.26,0,2027-01-15,256,4.00,+73.79%,10.1,12.7,11.4,0,328,109.06%,41.87%,65%,0.969612,0.004337,-0.001329,0.007246,0.012938,92.87%,7.13%,53.45%,14.1,16.7,15.4
PBI,Call,15.26,0.22,2027-01-15,256,27.00,-76.93%,0,0.95,0.48,0,1,54.62%,41.87%,65%,0.156746,0.034205,-0.003299,0.030517,0.013247,10.61%,89.39%,10.61%,27,27.95,27.48
PBI,Call,15.26,0,2027-01-15,256,3.00,+80.34%,11.1,13.7,12.4,0,0,133.54%,41.87%,65%,0.975084,0.002939,-0.001321,0.005969,0.009095,92.71%,7.29%,52.82%,14.1,16.7,15.4
PBI,Call,15.26,0,2027-01-15,256,28.00,-83.49%,0,0.95,0.48,0,0,56.89%,41.87%,65%,0.152489,0.032253,-0.00337,0.02997,0.01279,10.13%,89.87%,10.13%,28,28.95,28.48
PBI,Call,15.26,0,2027-01-15,256,2.00,+86.89%,12.1,14.7,13.4,0,0,170.38%,41.87%,65%,0.980575,0.001788,-0.001268,0.004595,0.005777,92.28%,7.72%,52.21%,14.1,16.7,15.4
PBI,Call,15.26,0,2027-01-15,256,29.00,-90.04%,0,0.95,0.48,0,0,59.04%,41.87%,65%,0.148713,0.030565,-0.003437,0.029476,0.01237,9.70%,90.30%,9.70%,29,29.95,29.48
PBI,Call,15.26,0,2027-01-15,256,1.00,+93.45%,13.2,15.6,14.4,0,0,243.39%,41.87%,65%,0.986895,0.000794,-0.001078,0.002869,0.002588,90.94%,9.06%,51.41%,14.2,16.6,15.4
PBI,Call,15.26,0,2027-01-15,256,30.00,-96.59%,0,0.75,0.38,0,0,57.46%,41.87%,65%,0.124341,0.027793,-0.002962,0.02609,0.010531,8.01%,91.99%,8.01%,30,30.75,30.38
PBI,Call,15.26,3.65,2028-01-21,627,15.00,+1.70%,3.5,3.8,3.65,167,628,45.04%,41.87%,65%,0.621045,0.040458,-0.002614,0.072485,0.089895,51.16%,48.84%,37.21%,18.5,18.8,18.65
PBI,Call,15.26,3.05,2028-01-21,627,17.00,-11.40%,1.35,3.5,2.43,15,117,46.32%,41.87%,65%,0.546162,0.041322,-0.002839,0.076274,0.083116,42.94%,57.06%,38.07%,18.35,20.5,19.43
PBI,Call,15.26,5.25,2028-01-21,627,12.00,+21.36%,4.8,5.7,5.25,0,2157,48.86%,41.87%,65%,0.745887,0.030839,-0.002273,0.059517,0.087741,64.63%,35.37%,44.03%,16.8,17.7,17.25
PBI,Call,15.26,2.34,2028-01-21,627,20.00,-31.06%,1.8,3.1,2.45,0,104,48.89%,41.87%,65%,0.457459,0.039473,-0.003027,0.076993,0.072713,33.64%,66.36%,28.89%,21.8,23.1,22.45
PBI,Call,15.26,6.9,2028-01-21,627,10.00,+34.47%,6.1,7,6.55,0,538,52.52%,41.87%,65%,0.81871,0.023183,-0.0019,0.047595,0.078886,73.04%,26.96%,46.90%,16.1,17,16.55
PBI,Call,15.26,1.8,2028-01-21,627,22.00,-44.17%,0.65,2,1.33,2,2335,45.68%,41.87%,65%,0.378527,0.040697,-0.002746,0.074251,0.064367,27.06%,72.94%,25.47%,22.65,24,23.33
PBI,Call,15.26,8.34,2028-01-21,627,8.00,+47.58%,6.6,9,7.8,0,1290,50.84%,41.87%,65%,0.891851,0.016243,-0.001163,0.031605,0.067579,83.38%,16.62%,52.65%,14.6,17,15.8
PBI,Call,15.26,0,2028-01-21,627,25.00,-63.83%,0,3.4,1.7,0,0,50.85%,41.87%,65%,0.342101,0.035384,-0.002945,0.071872,0.057357,22.94%,77.06%,22.94%,25,28.4,26.7
PBI,Call,15.26,0,2028-01-21,627,27.00,-76.93%,0,3.3,1.65,0,0,53.83%,41.87%,65%,0.324169,0.032755,-0.003049,0.070441,0.05366,20.93%,79.07%,20.93%,27,30.3,28.65
PBI,Call,15.26,14.28,2028-01-21,627,1.00,+93.45%,12.6,16.2,14.4,14,58,140.49%,41.87%,65%,0.992531,0.000459,-0.000142,0.002067,0.002744,93.06%,6.94%,52.49%,13.6,17.2,15.4
PBI,Call,15.26,0,2028-01-21,627,30.00,-96.59%,0,3.2,1.6,0,0,57.91%,41.87%,65%,0.304222,0.029667,-0.003189,0.068639,0.049343,18.66%,81.34%,18.66%,30,33.2,31.6
PBI,Put,15.26,0.6,2026-05-15,11,15.00,-1.70%,0.55,0.65,0.6,267,1275,69.27%,41.87%,65%,-0.418251,0.21285,-0.032307,0.01034,-0.001864,44.32%,55.68%,30.46%,14.45,14.35,14.4
PBI,Put,15.26,1.05,2026-05-15,11,16.00,+4.85%,1.1,1.25,1.18,0,191,69.54%,41.87%,65%,-0.628872,0.205255,-0.03123,0.010002,-0.002745,65.26%,34.74%,38.91%,14.9,14.75,14.82
PBI,Put,15.26,0.35,2026-05-15,11,14.00,-8.26%,0.25,0.35,0.3,23,222,82.51%,41.87%,65%,-0.249452,0.14522,-0.031373,0.008406,-0.001135,27.37%,72.63%,21.82%,13.75,13.65,13.7
PBI,Put,15.26,1.83,2026-05-15,11,17.00,+11.40%,1.2,2.45,1.83,0,5,53.48%,41.87%,65%,-0.867839,0.15155,-0.013269,0.005649,-0.003257,87.76%,12.24%,30.39%,15.8,14.55,15.17
PBI,Put,15.26,0.12,2026-05-15,11,13.00,-14.81%,0.1,0.4,0.25,0,213,102.56%,41.87%,65%,-0.160658,0.089789,-0.030021,0.006462,-0.000746,18.40%,81.60%,14.10%,12.9,12.6,12.75
PBI,Put,15.26,5.2,2026-05-15,11,18.00,+17.96%,2.55,3.3,2.93,0,1,89.74%,41.87%,65%,-0.83661,0.103866,-0.026036,0.006518,-0.003576,85.54%,14.46%,40.52%,15.45,14.7,15.07
PBI,Put,15.26,0.2,2026-05-15,11,12.00,-21.36%,0,0.75,0.38,0,125,156.27%,41.87%,65%,-0.153077,0.057083,-0.044352,0.006259,-0.000747,18.78%,81.22%,13.06%,12,11.25,11.62
PBI,Put,15.26,3.6,2026-05-15,11,19.00,+24.51%,3.5,4.9,4.2,0,1,146.93%,41.87%,65%,-0.767395,0.078514,-0.053322,0.008082,-0.00382,80.49%,19.51%,37.83%,15.5,14.1,14.8
PBI,Put,15.26,0.15,2026-05-15,11,11.00,-27.92%,0,0.35,0.18,0,128,152.06%,41.87%,65%,-0.084754,0.038538,-0.02837,0.004113,-0.000409,10.75%,89.25%,8.65%,11,10.65,10.82
PBI,Put,15.26,4.4,2026-05-15,11,20.00,+31.06%,3.3,6.2,4.75,0,2,74.89%,41.87%,65%,-0.979874,0.024933,-0.003895,0.001262,-0.002455,98.13%,1.87%,21.96%,16.7,13.8,15.25
PBI,Put,15.26,0.11,2026-05-15,11,10.00,-34.47%,0,0.45,0.23,0,129,198.95%,41.87%,65%,-0.08107,0.028488,-0.03591,0.003978,-0.000406,11.05%,88.95%,8.74%,10,9.55,9.77
PBI,Put,15.26,0,2026-05-15,11,21.00,+37.61%,5.5,6.9,6.2,0,0,183.45%,41.87%,65%,-0.800165,0.057588,-0.06091,0.007398,-0.004246,84.20%,15.80%,40.20%,15.5,14.1,14.8
PBI,Put,15.26,0.06,2026-05-15,11,9.00,-41.02%,0,0.05,0.03,0,132,151.14%,41.87%,65%,-0.015972,0.009976,-0.007265,0.001059,-0.000076,2.21%,97.79%,2.10%,9,8.95,8.97
PBI,Put,15.26,6.33,2026-05-15,11,22.00,+44.17%,6.5,7.9,7.2,0,1,199.47%,41.87%,65%,-0.8112,0.051166,-0.063941,0.007146,-0.004454,85.46%,14.54%,40.97%,15.5,14.1,14.8
PBI,Put,15.26,0,2026-05-15,11,8.00,-47.58%,0,0.75,0.38,0,1,323.57%,41.87%,65%,-0.076131,0.016701,-0.055712,0.003793,-0.000425,12.51%,87.49%,9.26%,8,7.25,7.62
PBI,Put,15.26,7.25,2026-05-15,11,23.00,+50.72%,7.5,8.8,8.15,0,1,206.96%,41.87%,65%,-0.831841,0.045849,-0.061566,0.006641,-0.004665,87.33%,12.67%,42.06%,15.5,14.2,14.85
PBI,Put,15.26,0,2026-05-15,11,7.00,-54.13%,0,0.75,0.38,0,0,377.77%,41.87%,65%,-0.064608,0.012609,-0.05734,0.003343,-0.000376,11.74%,88.26%,8.67%,7,6.25,6.62
PBI,Put,15.26,0,2026-05-15,11,24.00,+57.27%,8.5,9.9,9.2,0,0,228.18%,41.87%,65%,-0.827508,0.042267,-0.069038,0.006751,-0.004871,87.35%,12.65%,42.09%,15.5,14.1,14.8
PBI,Put,15.26,0,2026-05-15,11,6.00,-60.68%,0,0.75,0.38,0,0,440.90%,41.87%,65%,-0.05445,0.009447,-0.058531,0.002924,-0.000333,11.13%,88.87%,8.17%,6,5.25,5.62
PBI,Put,15.26,0,2026-05-15,11,25.00,+63.83%,9.5,10.9,10.2,0,0,241.17%,41.87%,65%,-0.833747,0.039057,-0.071226,0.006593,-0.005071,88.08%,11.92%,42.51%,15.5,14.1,14.8
PBI,Put,15.26,0,2026-05-15,11,5.00,-67.23%,0,0.25,0.13,0,0,395.14%,41.87%,65%,-0.024395,0.005468,-0.027222,0.001517,-0.000139,5.19%,94.81%,4.44%,5,4.75,4.87
PBI,Put,15.26,0,2026-05-15,11,26.00,+70.38%,9,12.6,10.8,0,0,165.39%,41.87%,65%,-0.957175,0.020899,-0.017113,0.00239,-0.004283,96.83%,3.17%,32.54%,17,13.4,15.2
PBI,Put,15.26,0,2026-05-15,11,4.00,-73.79%,0,0.75,0.38,0,0,613.03%,41.87%,65%,-0.036649,0.00494,-0.059182,0.002126,-0.000257,10.42%,89.58%,7.31%,4,3.25,3.62
PBI,Put,15.26,0,2026-05-15,11,27.00,+76.93%,11.5,12.8,12.15,0,0,256.90%,41.87%,65%,-0.854536,0.03358,-0.069307,0.006035,-0.005426,89.96%,10.04%,43.59%,15.5,14.2,14.85
PBI,Put,15.26,0,2026-05-15,11,3.00,-80.34%,0,0.95,0.48,0,0,799.52%,41.87%,65%,-0.030981,0.003299,-0.067223,0.001851,-0.000259,12.06%,87.94%,7.40%,3,2.05,2.52
PBI,Put,15.26,12.75,2026-05-15,11,28.00,+83.49%,12.5,13.8,13.15,0,0,267.72%,41.87%,65%,-0.858422,0.03164,-0.070878,0.005925,-0.00562,90.42%,9.58%,43.84%,15.5,14.2,14.85
PBI,Put,15.26,0.04,2026-05-15,11,2.00,-86.89%,0,0.05,0.03,0,5,538.80%,41.87%,65%,-0.004137,0.000855,-0.00792,0.000324,-0.000025,1.49%,98.51%,1.39%,2,1.95,1.97
PBI,Put,15.26,13.67,2026-05-15,11,29.00,+90.04%,13.5,14.8,14.15,0,0,278.02%,41.87%,65%,-0.861906,0.02996,-0.072335,0.005825,-0.00576,90.83%,9.17%,44.07%,15.5,14.2,14.85
PBI,Put,15.26,0.04,2026-05-15,11,1.00,-93.45%,0,0.05,0.03,0,4,735.83%,41.87%,65%,-0.002781,0.000438,-0.007571,0.000226,-0.000019,1.64%,98.36%,1.49%,1,0.95,0.97
PBI,Put,15.26,0.9,2026-06-18,45,15.00,-1.70%,0.8,0.9,0.85,2,40,49.02%,41.87%,65%,-0.422345,0.149033,-0.011119,0.020927,-0.007866,46.02%,53.98%,32.30%,14.2,14.1,14.15
PBI,Put,15.26,1.4,2026-06-18,45,16.00,+4.85%,1.35,1.45,1.4,28,3,45.94%,41.87%,65%,-0.58052,0.158954,-0.010273,0.020869,-0.010486,61.55%,38.45%,38.39%,14.65,14.55,14.6
PBI,Put,15.26,0.48,2026-06-18,45,14.00,-8.26%,0.4,0.55,0.48,0,73,48.30%,41.87%,65%,-0.273142,0.128513,-0.009371,0.017796,-0.00513,30.57%,69.43%,22.83%,13.6,13.45,13.52
PBI,Put,15.26,1.9,2026-06-18,45,17.00,+11.40%,2.1,2.3,2.2,0,1,50.93%,41.87%,65%,-0.693866,0.128833,-0.010121,0.018704,-0.012312,72.70%,27.30%,41.72%,14.9,14.7,14.8
PBI,Put,15.26,0.27,2026-06-18,45,13.00,-14.81%,0.2,0.35,0.28,5,175,52.50%,41.87%,65%,-0.165679,0.08861,-0.007664,0.013324,-0.003147,19.23%,80.77%,15.44%,12.8,12.65,12.72
PBI,Put,15.26,0,2026-06-18,45,18.00,+17.96%,2.3,3.5,2.9,0,0,43.83%,41.87%,65%,-0.840286,0.10429,-0.005777,0.012878,-0.012951,85.84%,14.16%,37.00%,15.7,14.5,15.1
PBI,Put,15.26,0.2,2026-06-18,45,12.00,-21.36%,0.1,0.25,0.18,1,111,62.35%,41.87%,65%,-0.112077,0.057024,-0.006994,0.010204,-0.002166,13.62%,86.38%,11.63%,11.9,11.75,11.82
PBI,Put,15.26,0,2026-06-18,45,19.00,+24.51%,2.45,5.1,3.78,0,0,39.48%,41.87%,65%,-0.93995,0.057548,-0.002318,0.006183,-0.010136,94.31%,5.69%,25.04%,16.55,13.9,15.22
PBI,Put,15.26,0,2026-06-18,45,11.00,-27.92%,0,0.5,0.25,0,0,83.80%,41.87%,65%,-0.102721,0.039843,-0.008848,0.009583,-0.00206,13.30%,86.70%,10.19%,11,10.5,10.75
PBI,Put,15.26,0,2026-06-18,45,20.00,+31.06%,3.4,6.1,4.75,0,0,41.01%,41.87%,65%,-0.972574,0.029526,-0.001154,0.003181,-0.007316,96.98%,3.02%,25.84%,16.6,13.9,15.25
PBI,Put,15.26,0,2026-06-18,45,10.00,-34.47%,0,0.75,0.38,0,0,115.40%,41.87%,65%,-0.1055,0.029496,-0.01244,0.00977,-0.002241,14.85%,85.15%,10.83%,10,9.25,9.62
PBI,Put,15.26,0,2026-06-18,45,21.00,+37.61%,4.7,7.1,5.9,0,0,69.27%,41.87%,65%,-0.88439,0.052906,-0.00728,0.010284,-0.014545,90.54%,9.46%,35.06%,16.3,13.9,15.1
PBI,Put,15.26,0,2026-06-18,45,9.00,-41.02%,0,0.2,0.1,0,0,96.64%,41.87%,65%,-0.041684,0.0172,-0.005094,0.004773,-0.000844,5.98%,94.02%,5.24%,9,8.8,8.9
PBI,Put,15.26,0,2026-06-18,45,22.00,+44.17%,6.5,8,7.25,0,0,103.90%,41.87%,65%,-0.793348,0.051398,-0.016725,0.015178,-0.01687,84.20%,15.80%,40.66%,15.5,14,14.75
PBI,Put,15.26,0.2,2026-06-18,45,8.00,-47.58%,0,0.75,0.38,0,1,160.30%,41.87%,65%,-0.075954,0.016633,-0.013561,0.007654,-0.001735,12.56%,87.44%,9.30%,8,7.25,7.62
PBI,Put,15.26,0,2026-06-18,45,23.00,+50.72%,7.5,9,8.25,0,0,111.54%,41.87%,65%,-0.80229,0.046632,-0.017454,0.014778,-0.017684,85.26%,14.74%,41.29%,15.5,14,14.75
PBI,Put,15.26,0,2026-06-18,45,7.00,-54.13%,0,0.75,0.38,0,0,187.11%,41.87%,65%,-0.064467,0.012561,-0.013961,0.006747,-0.001536,11.78%,88.22%,8.71%,7,6.25,6.62
PBI,Put,15.26,8.5,2026-06-18,45,24.00,+57.27%,8.5,10,9.25,0,1,118.67%,41.87%,65%,-0.809678,0.042827,-0.018113,0.014435,-0.01833,86.14%,13.86%,41.81%,15.5,14,14.75
PBI,Put,15.26,0,2026-06-18,45,6.00,-60.68%,0,0.75,0.38,0,0,218.34%,41.87%,65%,-0.054337,0.009414,-0.014255,0.005901,-0.00136,11.17%,88.83%,8.20%,6,5.25,5.62
PBI,Put,15.26,0,2026-06-18,45,25.00,+63.83%,9.5,10.9,10.2,0,0,121.77%,41.87%,65%,-0.827,0.039372,-0.017437,0.013576,-0.01842,87.59%,12.41%,42.66%,15.5,14.1,14.8
PBI,Put,15.26,0,2026-06-18,45,5.00,-67.23%,0,0.75,0.38,0,0,255.97%,41.87%,65%,-0.045154,0.006927,-0.014422,0.005091,-0.0012,10.72%,89.28%,7.75%,5,4.25,4.62
PBI,Put,15.26,0,2026-06-18,45,26.00,+70.38%,10.5,12,11.25,0,0,131.69%,41.87%,65%,-0.821754,0.049148,-0.019249,0.013843,-0.019295,87.54%,12.46%,42.61%,15.5,14,14.75
PBI,Put,15.26,0,2026-06-18,45,4.00,-73.79%,0,0.75,0.38,0,0,303.51%,41.87%,65%,-0.036576,0.004924,-0.014418,0.004291,-0.00105,10.45%,89.55%,7.34%,4,3.25,3.62
PBI,Put,15.26,0,2026-06-18,45,27.00,+76.93%,11.5,12.9,12.2,0,0,133.92%,41.87%,65%,-0.836654,0.034513,-0.018424,0.013076,-0.019665,88.75%,11.25%,43.32%,15.5,14.1,14.8
PBI,Put,15.26,0,2026-06-18,45,28.00,+83.49%,12.5,13.8,13.15,0,0,135.57%,41.87%,65%,-0.850811,0.032137,-0.017459,0.01231,-0.020306,89.89%,10.11%,43.99%,15.5,14.2,14.85
PBI,Put,15.26,0,2026-06-18,45,29.00,+90.04%,13.5,14.9,14.2,0,0,144.88%,41.87%,65%,-0.843917,0.030981,-0.019284,0.012689,-0.021024,89.65%,10.35%,43.82%,15.5,14.1,14.8
PBI,Put,15.26,1.05,2026-07-17,74,15.00,-1.70%,0.9,1.05,0.98,50,287,44.13%,41.87%,65%,-0.420623,0.12899,-0.007696,0.026779,-0.013043,46.55%,53.45%,32.57%,14.1,13.95,14.02
PBI,Put,15.26,1.6,2026-07-17,74,16.00,+4.85%,1.45,1.6,1.53,14,129,43.66%,41.87%,65%,-0.551378,0.132067,-0.007602,0.027048,-0.016648,59.52%,40.48%,38.40%,14.55,14.4,14.47
PBI,Put,15.26,0.65,2026-07-17,74,14.00,-8.26%,0.55,0.65,0.6,19,36,45.42%,41.87%,65%,-0.295261,0.110611,-0.00706,0.023662,-0.009249,33.67%,66.33%,25.66%,13.45,13.35,13.4
PBI,Put,15.26,0,2026-07-17,74,17.00,+11.40%,0.95,3.6,2.28,0,0,43.35%,41.87%,65%,-0.671553,0.121733,-0.006764,0.02465,-0.019637,70.99%,29.01%,25.27%,16.05,13.4,14.72
PBI,Put,15.26,0.35,2026-07-17,74,13.00,-14.81%,0.3,0.45,0.38,0,283,47.00%,41.87%,65%,-0.190151,0.084048,-0.005785,0.018625,-0.00601,22.44%,77.56%,17.78%,12.7,12.55,12.62
PBI,Put,15.26,0,2026-07-17,74,18.00,+17.96%,1.6,4.3,2.95,0,0,37.86%,41.87%,65%,-0.810765,0.105054,-0.004203,0.018323,-0.020672,83.37%,16.63%,26.35%,16.4,13.7,15.05
PBI,Put,15.26,0.2,2026-07-17,74,12.00,-21.36%,0.15,0.35,0.25,0,155,52.46%,41.87%,65%,-0.12541,0.057211,-0.004933,0.014159,-0.004018,15.45%,84.55%,12.66%,11.85,11.65,11.75
PBI,Put,15.26,0,2026-07-17,74,19.00,+24.51%,2.55,5.2,3.88,0,0,40.74%,41.87%,65%,-0.866709,0.077962,-0.003485,0.014476,-0.020614,88.40%,11.60%,29.18%,16.45,13.8,15.12
PBI,Put,15.26,0.58,2026-07-17,74,11.00,-27.92%,0.1,0.75,0.43,0,138,78.42%,41.87%,65%,-0.132847,0.03983,-0.007702,0.014736,-0.004531,17.69%,82.31%,12.99%,10.9,10.25,10.57
PBI,Put,15.26,0,2026-07-17,74,20.00,+31.06%,3.9,5.9,4.9,0,0,49.14%,41.87%,65%,-0.868618,0.063894,-0.004204,0.014335,-0.021806,88.92%,11.08%,36.04%,16.1,14.1,15.1
PBI,Put,15.26,0.1,2026-07-17,74,10.00,-34.47%,0,0.35,0.18,0,185,71.96%,41.87%,65%,-0.069924,0.027118,-0.004426,0.00921,-0.002326,9.60%,90.40%,7.86%,10,9.65,9.82
PBI,Put,15.26,0,2026-07-17,74,21.00,+37.61%,4.7,6.9,5.8,0,0,46.50%,41.87%,65%,-0.929076,0.04333,-0.002348,0.00894,-0.017808,93.64%,6.36%,35.29%,16.3,14.1,15.2
PBI,Put,15.26,0.27,2026-07-17,74,9.00,-41.02%,0,0.75,0.38,0,109,106.79%,41.87%,65%,-0.089165,0.021964,-0.007908,0.01107,-0.003224,13.61%,86.39%,10.04%,9,8.25,8.62
PBI,Put,15.26,0.1,2026-07-17,74,8.00,-47.58%,0,0.75,0.38,0,490,125.22%,41.87%,65%,-0.075805,0.016576,-0.008217,0.009797,-0.002846,12.60%,87.40%,9.34%,8,7.25,7.62
PBI,Put,15.26,0,2026-07-17,74,23.00,+50.72%,6.6,8.9,7.75,0,0,48.21%,41.87%,65%,-0.976093,0.017231,-0.000866,0.003494,-0.010008,97.06%,2.94%,35.79%,16.4,14.1,15.25
PBI,Put,15.26,0.14,2026-07-17,74,7.00,-54.13%,0,0.75,0.38,0,10,146.14%,41.87%,65%,-0.064349,0.012521,-0.008462,0.008637,-0.00252,11.81%,88.19%,8.75%,7,6.25,6.62
PBI,Put,15.26,0,2026-07-17,74,24.00,+57.27%,7.8,9.7,8.75,0,0,52.52%,41.87%,65%,-0.976902,0.015373,-0.000915,0.003393,-0.010356,97.22%,2.78%,39.18%,16.2,14.3,15.25
PBI,Put,15.26,0,2026-07-17,74,6.00,-60.68%,0,0.4,0.2,0,5,144.36%,41.87%,65%,-0.038625,0.008438,-0.005572,0.005751,-0.001478,7.55%,92.45%,6.15%,6,5.6,5.8
PBI,Put,15.26,0,2026-07-17,74,25.00,+63.83%,8.8,10.7,9.75,0,0,56.63%,41.87%,65%,-0.977542,0.013926,-0.000962,0.003313,-0.010672,97.36%,2.64%,39.94%,16.2,14.3,15.25
PBI,Put,15.26,0,2026-07-17,74,5.00,-67.23%,0,0.75,0.38,0,0,199.86%,41.87%,65%,-0.045077,0.006908,-0.008745,0.006517,-0.00197,10.75%,89.25%,7.77%,5,4.25,4.62
PBI,Put,15.26,0,2026-07-17,74,4.00,-73.79%,0,0.75,0.38,0,0,236.95%,41.87%,65%,-0.036515,0.004911,-0.008743,0.005493,-0.001724,10.47%,89.53%,7.36%,4,3.25,3.62
PBI,Put,15.26,0,2026-07-17,74,3.00,-80.34%,0,0.75,0.38,0,0,287.37%,41.87%,65%,-0.028207,0.003273,-0.008572,0.004439,-0.001484,10.44%,89.56%,6.95%,3,2.25,2.62
PBI,Put,15.26,0,2026-07-17,74,2.00,-86.89%,0,0.75,0.38,0,0,365.52%,41.87%,65%,-0.019661,0.001899,-0.008051,0.003277,-0.001234,10.85%,89.15%,6.42%,2,1.25,1.62
PBI,Put,15.26,0,2026-07-17,74,1.00,-93.45%,0,0.75,0.38,0,0,533.54%,41.87%,65%,-0.009692,0.000707,-0.006385,0.001781,-0.000934,12.83%,87.17%,4.35%,1,0.25,0.62
PBI,Put,15.26,0,2026-08-21,109,15.00,-1.70%,0.75,3.2,1.98,0,0,65.30%,41.87%,65%,-0.405002,0.071143,-0.00928,0.032173,-0.020744,48.08%,51.92%,23.56%,14.25,11.8,13.02
PBI,Put,15.26,0,2026-08-21,109,16.00,+4.85%,1.25,3.6,2.43,0,0,61.38%,41.87%,65%,-0.483917,0.077893,-0.008887,0.033045,-0.024116,55.61%,44.39%,26.81%,14.75,12.4,13.57
PBI,Put,15.26,0,2026-08-21,109,14.00,-8.26%,0,1.7,0.85,0,0,44.57%,41.87%,65%,-0.31063,0.094998,-0.005773,0.029341,-0.01461,36.17%,63.83%,18.80%,14,12.3,13.15
PBI,Put,15.26,0,2026-08-21,109,17.00,+11.40%,0.85,3.9,2.38,0,0,39.55%,41.87%,65%,-0.646595,0.168146,-0.005115,0.030684,-0.027768,69.13%,30.87%,24.01%,16.15,13.1,14.62
PBI,Put,15.26,0,2026-08-21,109,13.00,-14.81%,0,1.4,0.7,0,0,52.33%,41.87%,65%,-0.23578,0.07052,-0.005965,0.025601,-0.011412,28.76%,71.24%,16.88%,13,11.6,12.3
PBI,Put,15.26,0,2026-08-21,109,18.00,+17.96%,1.6,4.5,3.05,0,0,36.14%,41.87%,65%,-0.767135,0.102414,-0.003666,0.025064,-0.02996,79.84%,20.16%,26.75%,16.4,13.5,14.95
PBI,Put,15.26,0,2026-08-21,109,12.00,-21.36%,0,2.55,1.28,0,0,89.23%,41.87%,65%,-0.227263,0.040501,-0.010043,0.025084,-0.012544,31.10%,68.90%,16.28%,12,9.45,10.72
PBI,Put,15.26,0,2026-08-21,109,19.00,+24.51%,2.4,5.4,3.9,0,0,35.91%,41.87%,65%,-0.848784,0.079639,-0.002645,0.018995,-0.028928,86.80%,13.20%,27.86%,16.6,13.6,15.1
PBI,Put,15.26,0,2026-08-21,109,11.00,-27.92%,0,2.4,1.2,0,0,102.19%,41.87%,65%,-0.190624,0.03188,-0.010403,0.022622,-0.010935,27.89%,72.11%,15.22%,11,8.6,9.8
PBI,Put,15.26,0,2026-08-21,109,20.00,+31.06%,3.2,6.3,4.75,0,0,29.37%,41.87%,65%,-0.965242,0.032061,-0.000545,0.00573,-0.013541,95.40%,4.60%,25.08%,16.8,13.7,15.25
PBI,Put,15.26,0,2026-08-21,109,10.00,-34.47%,0,2.35,1.18,0,0,118.17%,41.87%,65%,-0.161936,0.024863,-0.010877,0.020406,-0.009714,25.64%,74.36%,14.25%,10,7.65,8.82
PBI,Put,15.26,0,2026-08-21,109,21.00,+37.61%,4.2,7.9,6.05,0,0,54.66%,41.87%,65%,-0.822396,0.057699,-0.004691,0.021203,-0.033735,85.74%,14.26%,30.47%,16.8,13.1,14.95
PBI,Put,15.26,0,2026-08-21,109,9.00,-41.02%,0,2.25,1.13,0,0,134.26%,41.87%,65%,-0.136789,0.019552,-0.011062,0.018234,-0.008567,23.59%,76.41%,13.31%,9,6.75,7.87
PBI,Put,15.26,0,2026-08-21,109,22.00,+44.17%,5.3,8.7,7,0,0,57.34%,41.87%,65%,-0.845577,0.050315,-0.004416,0.019326,-0.035025,87.85%,12.15%,33.04%,16.7,13.3,15
PBI,Put,15.26,0,2026-08-21,109,8.00,-47.58%,0,2.2,1.1,0,0,153.57%,41.87%,65%,-0.115696,0.01521,-0.011276,0.016228,-0.007668,22.08%,77.92%,12.45%,8,5.8,6.9
PBI,Put,15.26,0,2026-08-21,109,23.00,+50.72%,5.9,9.8,7.85,0,0,52.75%,41.87%,65%,-0.907713,0.038346,-0.002634,0.013174,-0.029002,92.27%,7.73%,30.75%,17.1,13.2,15.15
PBI,Put,15.26,0,2026-08-21,109,7.00,-54.13%,0,2.2,1.1,0,0,177.38%,41.87%,65%,-0.097563,0.011644,-0.01153,0.01435,-0.006918,21.07%,78.93%,11.64%,7,4.8,5.9
PBI,Put,15.26,0,2026-08-21,109,24.00,+57.27%,6.9,10.8,8.85,0,0,56.92%,41.87%,65%,-0.911317,0.034519,-0.002748,0.012782,-0.030024,92.73%,7.27%,32.05%,17.1,13.2,15.15
PBI,Put,15.26,0,2026-08-21,109,6.00,-60.68%,0,2.15,1.08,0,0,203.66%,41.87%,65%,-0.080532,0.008792,-0.011488,0.012442,-0.006146,20.08%,79.92%,10.80%,6,3.85,4.92
PBI,Put,15.26,0,2026-08-21,109,25.00,+63.83%,7.9,11.7,9.8,0,0,56.32%,41.87%,65%,-0.937834,0.026674,-0.001956,0.009576,-0.026035,94.56%,5.44%,32.76%,17.1,13.3,15.2
PBI,Put,15.26,0,2026-08-21,109,5.00,-67.23%,0,2.15,1.08,0,0,238.33%,41.87%,65%,-0.065065,0.006381,-0.011426,0.010568,-0.005503,19.58%,80.42%,9.88%,5,2.85,3.92
PBI,Put,15.26,1.35,2026-10-16,165,15.00,-1.70%,1.4,1.6,1.5,0,52,41.56%,41.87%,65%,-0.410974,0.091288,-0.004675,0.039618,-0.029346,47.55%,52.45%,32.09%,13.6,13.4,13.5
PBI,Put,15.26,1.83,2026-10-16,165,16.00,+4.85%,1.65,2.15,1.9,0,20,37.51%,41.87%,65%,-0.515083,0.103844,-0.004225,0.040493,-0.035283,57.45%,42.55%,35.03%,14.35,13.85,14.1
PBI,Put,15.26,1.05,2026-10-16,165,14.00,-8.26%,0.95,1.2,1.08,0,15,42.78%,41.87%,65%,-0.320019,0.081446,-0.004485,0.036489,-0.023259,38.22%,61.78%,27.06%,13.05,12.8,12.92
PBI,Put,15.26,2.55,2026-10-16,165,17.00,+11.40%,2.05,2.9,2.47,0,0,35.42%,41.87%,65%,-0.623214,0.105075,-0.003685,0.0384,-0.040245,67.49%,32.51%,37.00%,14.95,14.1,14.53
PBI,Put,15.26,1.1,2026-10-16,165,13.00,-14.81%,0.7,0.9,0.8,0,6,46.00%,41.87%,65%,-0.243214,0.066296,-0.004269,0.031987,-0.017979,30.22%,69.78%,22.66%,12.3,12.1,12.2
PBI,Put,15.26,0,2026-10-16,165,18.00,+17.96%,2.7,3.9,3.3,0,0,37.71%,41.87%,65%,-0.69477,0.091274,-0.003537,0.035294,-0.044321,74.26%,25.74%,37.76%,15.3,14.1,14.7
PBI,Put,15.26,0.61,2026-10-16,165,12.00,-21.36%,0.45,0.65,0.55,0,51,47.98%,41.87%,65%,-0.176531,0.052601,-0.003716,0.026502,-0.01314,22.82%,77.18%,17.94%,11.55,11.35,11.45
PBI,Put,15.26,0,2026-10-16,165,19.00,+24.51%,3.5,4.7,4.1,0,0,37.57%,41.87%,65%,-0.769851,0.079844,-0.002939,0.030355,-0.04527,80.73%,19.27%,39.85%,15.5,14.3,14.9
PBI,Put,15.26,0.45,2026-10-16,165,11.00,-27.92%,0.3,0.5,0.4,0,2,51.80%,41.87%,65%,-0.128178,0.03937,-0.003263,0.021432,-0.009661,17.37%,82.63%,14.16%,10.7,10.5,10.6
PBI,Put,15.26,4.8,2026-10-16,165,20.00,+31.06%,4.4,5.4,4.9,0,10,35.04%,41.87%,65%,-0.854068,0.065064,-0.001903,0.022499,-0.042155,87.45%,12.55%,42.56%,15.6,14.6,15.1
PBI,Put,15.26,0.47,2026-10-16,165,10.00,-34.47%,0.2,0.45,0.33,0,2,58.07%,41.87%,65%,-0.097333,0.028845,-0.00302,0.01761,-0.007466,13.95%,86.05%,11.50%,9.8,9.55,9.67
PBI,Put,15.26,0,2026-10-16,165,21.00,+37.61%,5.3,7,6.15,0,0,49.32%,41.87%,65%,-0.787524,0.058035,-0.003702,0.028961,-0.050484,83.22%,16.78%,39.75%,15.7,14,14.85
PBI,Put,15.26,0,2026-10-16,165,9.00,-41.02%,0.1,0.55,0.33,0,19,68.84%,41.87%,65%,-0.082402,0.0215,-0.003174,0.015562,-0.006532,12.70%,87.30%,10.08%,8.9,8.45,8.67
PBI,Put,15.26,0,2026-10-16,165,22.00,+44.17%,6.3,8.2,7.25,0,0,57.26%,41.87%,65%,-0.776342,0.051422,-0.004496,0.029854,-0.052869,82.90%,17.10%,39.70%,15.7,13.8,14.75
PBI,Put,15.26,0.15,2026-10-16,165,8.00,-47.58%,0,0.75,0.38,0,27,84.32%,41.87%,65%,-0.075338,0.016398,-0.003643,0.014542,-0.006298,12.73%,87.27%,9.46%,8,7.25,7.62
PBI,Put,15.26,0,2026-10-16,165,23.00,+50.72%,6.9,9.1,8,0,0,52.07%,41.87%,65%,-0.846983,0.044957,-0.003044,0.023245,-0.048328,87.94%,12.06%,39.49%,16.1,13.9,15
PBI,Put,15.26,0.37,2026-10-16,165,7.00,-54.13%,0,0.75,0.38,0,12,98.35%,41.87%,65%,-0.063975,0.012396,-0.003755,0.012824,-0.005584,11.93%,88.07%,8.85%,7,6.25,6.62
PBI,Put,15.26,0,2026-10-16,165,24.00,+57.27%,7.9,10.1,9,0,0,55.84%,41.87%,65%,-0.852296,0.040963,-0.003174,0.02269,-0.050229,88.61%,11.39%,40.18%,16.1,13.9,15
PBI,Put,15.26,0,2026-10-16,165,6.00,-60.68%,0,0.75,0.38,0,0,114.69%,41.87%,65%,-0.053942,0.009298,-0.003837,0.011219,-0.004948,11.30%,88.70%,8.32%,6,5.25,5.62
PBI,Put,15.26,0,2026-10-16,165,25.00,+63.83%,9.1,11.1,10.1,0,0,63.67%,41.87%,65%,-0.832605,0.038914,-0.004037,0.024715,-0.053415,87.56%,12.44%,41.37%,15.9,13.9,14.9
PBI,Put,15.26,0,2026-10-16,165,5.00,-67.23%,0,0.75,0.38,0,5,134.38%,41.87%,65%,-0.044837,0.006847,-0.003885,0.00968,-0.004368,10.84%,89.16%,7.86%,5,4.25,4.62
PBI,Put,15.26,0,2026-10-16,165,26.00,+70.38%,9.8,12,10.9,0,0,57.75%,41.87%,65%,-0.892313,0.031897,-0.002497,0.017916,-0.046749,91.50%,8.50%,41.22%,16.2,14,15.1
PBI,Put,15.26,0,2026-10-16,165,4.00,-73.79%,0,0.75,0.38,0,5,159.27%,41.87%,65%,-0.036323,0.004869,-0.003886,0.00816,-0.003823,10.56%,89.44%,7.43%,4,3.25,3.62
PBI,Put,15.26,0,2026-10-16,165,27.00,+76.93%,10.6,13,11.8,0,0,54.07%,41.87%,65%,-0.934684,0.023454,-0.00145,0.011949,-0.03702,94.17%,5.83%,40.63%,16.4,14,15.2
PBI,Put,15.26,0,2026-10-16,165,3.00,-80.34%,0,0.75,0.38,0,0,193.11%,41.87%,65%,-0.028056,0.003245,-0.003811,0.006594,-0.003291,10.51%,89.49%,7.02%,3,2.25,2.62
PBI,Put,15.26,0,2026-10-16,165,2.00,-86.89%,0,0.75,0.38,0,0,245.60%,41.87%,65%,-0.019546,0.001883,-0.003578,0.004866,-0.002737,10.92%,89.08%,6.49%,2,1.25,1.62
PBI,Put,15.26,0,2026-11-20,200,15.00,-1.70%,1.55,2,1.78,0,0,44.35%,41.87%,65%,-0.404174,0.077346,-0.004473,0.043388,-0.036259,47.91%,52.09%,31.27%,13.45,13,13.22
PBI,Put,15.26,0,2026-11-20,200,16.00,+4.85%,2.05,2.7,2.38,0,0,45.06%,41.87%,65%,-0.480534,0.078419,-0.00461,0.044522,-0.042546,55.64%,44.36%,34.01%,13.95,13.3,13.62
PBI,Put,15.26,0,2026-11-20,200,14.00,-8.26%,1.15,1.5,1.33,0,0,45.30%,41.87%,65%,-0.326072,0.070413,-0.004309,0.04043,-0.029385,39.86%,60.14%,27.60%,12.85,12.5,12.67
PBI,Put,15.26,0,2026-11-20,200,17.00,+11.40%,2.3,3.5,2.9,0,0,42.41%,41.87%,65%,-0.565304,0.082452,-0.004186,0.043834,-0.048219,63.46%,36.54%,34.81%,14.7,13.5,14.1
PBI,Put,15.26,0,2026-11-20,200,13.00,-14.81%,0.8,1.15,0.98,0,0,46.91%,41.87%,65%,-0.254203,0.060441,-0.004011,0.036018,-0.023345,32.22%,67.78%,23.32%,12.2,11.85,12.02
PBI,Put,15.26,0,2026-11-20,200,18.00,+17.96%,2.9,4.1,3.5,0,0,39.74%,41.87%,65%,-0.654068,0.082761,-0.003553,0.040864,-0.052637,71.27%,28.73%,37.55%,15.1,13.9,14.5
PBI,Put,15.26,0,2026-11-20,200,12.00,-21.36%,0.6,0.9,0.75,0,0,50.40%,41.87%,65%,-0.196178,0.048563,-0.003754,0.031116,-0.01817,25.97%,74.03%,19.68%,11.4,11.1,11.25
PBI,Put,15.26,0,2026-11-20,200,19.00,+24.51%,3.7,4.9,4.3,0,0,40.33%,41.87%,65%,-0.718592,0.074915,-0.003214,0.037114,-0.053908,76.86%,23.14%,39.56%,15.3,14.1,14.7
PBI,Put,15.26,0,2026-11-20,200,11.00,-27.92%,0.4,0.65,0.53,0,0,52.31%,41.87%,65%,-0.143913,0.038334,-0.003216,0.02552,-0.013398,19.89%,80.11%,15.80%,10.6,10.35,10.47
PBI,Put,15.26,0,2026-11-20,200,20.00,+31.06%,4.5,5.7,5.1,0,0,39.53%,41.87%,65%,-0.782412,0.066908,-0.002617,0.032132,-0.055972,82.24%,17.76%,41.21%,15.5,14.3,14.9
PBI,Put,15.26,0,2026-11-20,200,10.00,-34.47%,0.25,0.7,0.48,0,0,60.13%,41.87%,65%,-0.116324,0.028768,-0.003209,0.022032,-0.011167,17.12%,82.88%,13.30%,9.75,9.3,9.52
PBI,Put,15.26,0,2026-11-20,200,21.00,+37.61%,5.2,6.7,5.95,0,0,38.66%,41.87%,65%,-0.842367,0.056341,-0.001982,0.025902,-0.051724,86.77%,13.23%,41.02%,15.8,14.3,15.05
PBI,Put,15.26,0,2026-11-20,200,9.00,-41.02%,0.15,0.8,0.48,0,0,70.84%,41.87%,65%,-0.098843,0.021715,-0.003376,0.019597,-0.009866,15.70%,84.30%,11.81%,8.85,8.2,8.52
PBI,Put,15.26,0,2026-11-20,200,22.00,+44.17%,6.1,8.3,7.2,0,0,51.26%,41.87%,65%,-0.780804,0.051708,-0.00346,0.032341,-0.063494,83.25%,16.75%,38.81%,15.9,13.7,14.8
PBI,Put,15.26,0,2026-11-20,200,8.00,-47.58%,0,0.75,0.38,0,0,76.76%,41.87%,65%,-0.075152,0.016328,-0.002992,0.015972,-0.0076,12.79%,87.21%,9.51%,8,7.25,7.62
PBI,Put,15.26,0,2026-11-20,200,23.00,+50.72%,7,9.3,8.15,0,0,53.55%,41.87%,65%,-0.804974,0.046259,-0.003348,0.029871,-0.059323,84.97%,15.03%,39.28%,16,13.7,14.85
PBI,Put,15.26,0,2026-11-20,200,7.00,-54.13%,0,0.75,0.38,0,0,89.51%,41.87%,65%,-0.06383,0.012348,-0.003085,0.014087,-0.006735,11.97%,88.03%,8.89%,7,6.25,6.62
PBI,Put,15.26,0,2026-11-20,200,24.00,+57.27%,8.1,10.2,9.15,0,0,57.17%,41.87%,65%,-0.811637,0.042428,-0.003486,0.029208,-0.061199,85.77%,14.23%,40.61%,15.9,13.8,14.85
PBI,Put,15.26,0,2026-11-20,200,6.00,-60.68%,0,0.75,0.38,0,0,104.36%,41.87%,65%,-0.053821,0.009263,-0.003153,0.012324,-0.005983,11.35%,88.65%,8.36%,6,5.25,5.62
PBI,Put,15.26,0,2026-11-20,200,25.00,+63.83%,8.9,11.2,10.05,0,0,56.97%,41.87%,65%,-0.838292,0.038778,-0.003044,0.026434,-0.063111,87.91%,12.09%,40.58%,16.1,13.8,14.95
PBI,Put,15.26,0,2026-11-20,200,5.00,-67.23%,0,0.75,0.38,0,0,122.26%,41.87%,65%,-0.044738,0.006822,-0.003193,0.010634,-0.005286,10.88%,89.12%,7.89%,5,4.25,4.62
PBI,Put,15.26,0,2026-11-20,200,4.00,-73.79%,0,0.75,0.38,0,0,144.89%,41.87%,65%,-0.036244,0.004852,-0.003194,0.008964,-0.004628,10.59%,89.41%,7.46%,4,3.25,3.62
PBI,Put,15.26,0,2026-11-20,200,3.00,-80.34%,0,0.75,0.38,0,0,175.65%,41.87%,65%,-0.027994,0.003234,-0.003132,0.007244,-0.003984,10.55%,89.45%,7.05%,3,2.25,2.62
PBI,Put,15.26,0,2026-11-20,200,2.00,-86.89%,0,0.75,0.38,0,0,223.38%,41.87%,65%,-0.019499,0.001876,-0.002941,0.005344,-0.003313,10.95%,89.05%,6.51%,2,1.25,1.62
PBI,Put,15.26,0,2026-11-20,200,1.00,-93.45%,0,0.95,0.48,0,0,361.37%,41.87%,65%,-0.009086,0.000601,-0.002453,0.002765,-0.002877,15.41%,84.59%,1.62%,1,0.05,0.52
PBI,Put,15.26,1.95,2027-01-15,256,15.00,-1.70%,1.7,2.15,1.92,1,47,43.17%,41.87%,65%,-0.397955,0.069979,-0.003768,0.048778,-0.046285,48.10%,51.90%,31.72%,13.3,12.85,13.08
PBI,Put,15.26,2.37,2027-01-15,256,16.00,+4.85%,2.2,2.7,2.45,0,4,41.77%,41.87%,65%,-0.472777,0.074744,-0.003692,0.050168,-0.053332,55.38%,44.62%,34.72%,13.8,13.3,13.55
PBI,Put,15.26,1.47,2027-01-15,256,14.00,-8.26%,1.25,1.65,1.45,0,4,43.12%,41.87%,65%,-0.326172,0.065405,-0.003567,0.045661,-0.038102,40.57%,59.43%,27.90%,12.75,12.35,12.55
PBI,Put,15.26,3,2027-01-15,256,17.00,+11.40%,2.4,3.4,2.9,0,20,38.00%,41.87%,65%,-0.560951,0.081619,-0.003224,0.049482,-0.060022,63.28%,36.72%,35.87%,14.6,13.6,14.1
PBI,Put,15.26,1.12,2027-01-15,256,13.00,-14.81%,1,1.25,1.13,0,4,45.42%,41.87%,65%,-0.260445,0.055896,-0.00343,0.041187,-0.030749,33.67%,66.33%,24.60%,12,11.75,11.87
PBI,Put,15.26,3.7,2027-01-15,256,18.00,+17.96%,3,5,4,0,21,46.19%,41.87%,65%,-0.583932,0.109829,-0.003886,0.048898,-0.065966,66.53%,33.47%,33.93%,15,13,14
PBI,Put,15.26,0.89,2027-01-15,256,12.00,-21.36%,0.7,1,0.85,0,414,47.63%,41.87%,65%,-0.202728,0.046304,-0.003158,0.03586,-0.024439,27.34%,72.66%,20.59%,11.3,11,11.15
PBI,Put,15.26,0,2027-01-15,256,19.00,+24.51%,3.9,5.1,4.5,0,0,40.94%,41.87%,65%,-0.676293,0.069426,-0.003036,0.044617,-0.067843,73.87%,26.13%,39.27%,15.1,13.9,14.5
PBI,Put,15.26,0,2027-01-15,256,11.00,-27.92%,0.5,0.8,0.65,0,0,50.69%,41.87%,65%,-0.155822,0.036857,-0.002873,0.030406,-0.018935,22.03%,77.97%,17.13%,10.5,10.2,10.35
PBI,Put,15.26,5.1,2027-01-15,256,20.00,+31.06%,4.6,6.5,5.55,0,2,46.78%,41.87%,65%,-0.686821,0.059895,-0.003425,0.043975,-0.072382,75.50%,24.50%,37.72%,15.4,13.5,14.45
PBI,Put,15.26,0.5,2027-01-15,256,10.00,-34.47%,0.35,0.5,0.43,0,1232,51.33%,41.87%,65%,-0.110088,0.028634,-0.002305,0.023945,-0.013329,16.28%,83.72%,13.51%,9.65,9.5,9.57
PBI,Put,15.26,0,2027-01-15,256,21.00,+37.61%,5.4,6.8,6.1,0,0,39.73%,41.87%,65%,-0.791339,0.057595,-0.002165,0.034998,-0.068358,83.14%,16.86%,41.44%,15.6,14.2,14.9
PBI,Put,15.26,0.25,2027-01-15,256,9.00,-41.02%,0.2,1.2,0.7,0,1,72.41%,41.87%,65%,-0.115873,0.021053,-0.00339,0.024834,-0.015497,19.20%,80.80%,13.42%,8.8,7.8,8.3
PBI,Put,15.26,0,2027-01-15,256,22.00,+44.17%,6.3,7.9,7.1,0,0,43.44%,41.87%,65%,-0.800564,0.05129,-0.002293,0.034038,-0.071635,84.27%,15.73%,41.40%,15.7,14.1,14.9
PBI,Put,15.26,0,2027-01-15,256,8.00,-47.58%,0,1.95,0.98,0,0,96.00%,41.87%,65%,-0.110598,0.015361,-0.004362,0.024024,-0.016587,21.09%,78.91%,12.49%,8,6.05,7.02
PBI,Put,15.26,0,2027-01-15,256,23.00,+50.72%,7.1,9.2,8.15,0,0,48.39%,41.87%,65%,-0.797145,0.046467,-0.002608,0.034397,-0.074792,84.43%,15.57%,40.20%,15.9,13.8,14.85
PBI,Put,15.26,0.2,2027-01-15,256,7.00,-54.13%,0.1,0.9,0.5,0,2698,86.80%,41.87%,65%,-0.072871,0.012461,-0.002907,0.017637,-0.010249,14.18%,85.82%,10.36%,6.9,6.1,6.5
PBI,Put,15.26,0,2027-01-15,256,24.00,+57.27%,7.3,10.2,8.75,0,0,34.17%,41.87%,65%,-0.96717,0.016358,-0.000319,0.007604,-0.022971,94.32%,5.68%,36.26%,16.7,13.8,15.25
PBI,Put,15.26,0,2027-01-15,256,25.00,+63.83%,9,11.1,10.05,0,0,51.64%,41.87%,65%,-0.833575,0.038606,-0.002364,0.030084,-0.075356,87.31%,12.69%,41.46%,16,13.9,14.95
PBI,Put,15.26,0,2027-01-15,256,5.00,-67.23%,0,0.75,0.38,0,2758,108.33%,41.87%,65%,-0.044596,0.006786,-0.00248,0.011993,-0.006728,10.94%,89.06%,7.94%,5,4.25,4.62
PBI,Put,15.26,0,2027-01-15,256,26.00,+70.38%,10,12.1,11.05,0,0,54.53%,41.87%,65%,-0.838965,0.035774,-0.002438,0.029346,-0.075829,87.83%,12.17%,41.90%,16,13.9,14.95
PBI,Put,15.26,0,2027-01-15,256,4.00,-73.79%,0,0.75,0.38,0,2,128.36%,41.87%,65%,-0.036131,0.004828,-0.002482,0.01011,-0.00589,10.65%,89.35%,7.51%,4,3.25,3.62
PBI,Put,15.26,0,2027-01-15,256,3.00,-80.34%,0,0.75,0.38,0,5,155.59%,41.87%,65%,-0.027905,0.003218,-0.002434,0.008169,-0.00507,10.59%,89.41%,7.09%,3,2.25,2.62
PBI,Put,15.26,0,2027-01-15,256,2.00,-86.89%,0,0.75,0.38,0,0,197.85%,41.87%,65%,-0.019431,0.001867,-0.002285,0.006026,-0.004214,11.00%,89.00%,6.55%,2,1.25,1.62
PBI,Put,15.26,0.02,2027-01-15,256,1.00,-93.45%,0,0.2,0.1,0,19,197.09%,41.87%,65%,-0.006446,0.000718,-0.000878,0.002312,-0.001271,4.94%,95.06%,3.70%,1,0.8,0.9
PBI,Put,15.26,2.8,2028-01-21,627,15.00,-1.70%,1.7,4.2,2.95,5,30,40.68%,41.87%,65%,-0.363447,0.046237,-0.002009,0.073253,-0.111051,48.71%,51.29%,25.84%,13.3,10.8,12.05
PBI,Put,15.26,0,2028-01-21,627,17.00,+11.40%,2.35,5.4,3.88,0,0,38.98%,41.87%,65%,-0.465548,0.051348,-0.001939,0.076823,-0.1339,58.37%,41.63%,29.57%,14.65,11.6,13.12
PBI,Put,15.26,1.77,2028-01-21,627,12.00,-21.36%,0.1,3.5,1.8,0,230,48.03%,41.87%,65%,-0.228055,0.03143,-0.002027,0.059447,-0.074713,35.13%,64.87%,17.63%,11.9,8.5,10.2
PBI,Put,15.26,6.1,2028-01-21,627,20.00,+31.06%,4.3,7.4,5.85,0,530,37.05%,41.87%,65%,-0.621645,0.052157,-0.001599,0.07155,-0.150578,71.13%,28.87%,34.66%,15.7,12.6,14.15
PBI,Put,15.26,1.25,2028-01-21,627,10.00,-34.47%,0,2.5,1.25,0,110,52.79%,41.87%,65%,-0.157649,0.022757,-0.001822,0.047595,-0.05402,27.07%,72.93%,15.23%,10,7.5,8.75
PBI,Put,15.26,0,2028-01-21,627,22.00,+44.17%,5.9,9,7.45,0,0,37.20%,41.87%,65%,-0.697803,0.047892,-0.001348,0.064901,-0.163864,77.35%,22.65%,37.12%,16.1,13,14.55
PBI,Put,15.26,0.98,2028-01-21,627,8.00,-47.58%,0,3,1.5,0,206,76.47%,41.87%,65%,-0.118625,0.012946,-0.002211,0.03925,-0.048485,25.97%,74.03%,13.28%,8,5,6.5
PBI,Put,15.26,0,2028-01-21,627,25.00,+63.83%,8.5,11.6,10.05,0,0,37.42%,41.87%,65%,-0.809804,0.03691,-0.000927,0.047908,-0.139391,84.29%,15.71%,39.55%,16.5,13.4,14.95
PBI,Put,15.26,0.45,2028-01-21,627,5.00,-67.23%,0,0.45,0.23,0,40,61.34%,41.87%,65%,-0.033525,0.006058,-0.000688,0.014822,-0.011513,8.26%,91.74%,6.61%,5,4.55,4.77
PBI,Put,15.26,0,2028-01-21,627,4.00,-73.79%,0,2.65,1.33,0,0,133.93%,41.87%,65%,-0.048034,0.003729,-0.001984,0.019816,-0.029603,22.28%,77.72%,8.36%,4,1.35,2.67
PBI,Put,15.26,0,2028-01-21,627,27.00,+76.93%,10.3,13.5,11.9,0,0,38.01%,41.87%,65%,-0.864099,0.028868,-0.000679,0.036986,-0.114438,87.40%,12.60%,40.28%,16.7,13.5,15.1
PBI,Put,15.26,0,2028-01-21,627,3.00,-80.34%,0,0.75,0.38,0,0,100.80%,41.87%,65%,-0.02732,0.003114,-0.000959,0.012514,-0.012175,10.91%,89.09%,7.37%,3,2.25,2.62
PBI,Put,15.26,0,2028-01-21,627,2.00,-86.89%,0,2.6,1.3,0,0,229.69%,41.87%,65%,-0.014209,0.000792,-0.001209,0.007177,-0.020089,24.98%,75.02%,0.00%,2,-0.6,0.7
PBI,Put,15.26,0,2028-01-21,627,1.00,-93.45%,0,0.2,0.1,0,0,127.21%,41.87%,65%,-0.006334,0.000699,-0.000348,0.003554,-0.003072,5.11%,94.89%,3.85%,1,0.8,0.9
PBI,Put,15.26,0,2028-01-21,627,30.00,+96.59%,13.2,16.3,14.75,0,0,37.34%,41.87%,65%,-0.951119,0.012744,-0.000232,0.015061,-0.05753,91.64%,8.36%,41.28%,16.8,13.7,15.25
"Downloaded from Barchart.com as of 05-05-2026 08:01am CDT"
